"","Date_Id","Shop_Id","SKU_Id","sales","price","volume"
"1",2019-01-01,28,1239,3300,0.7259,4546.3
"2",2019-02-04,28,1239,2200,0.6549,3359.4
"3",2019-02-18,28,1239,2200,0.7421,2964.5
"4",2019-02-25,28,1239,1100,0.8019,1371.7
"5",2019-03-01,28,1239,1100,0.668,1646.7
"6",2019-03-04,28,1239,3300,0.7726,4271.3
"7",2019-03-11,28,1239,2200,0.7388,2977.7
"8",2019-03-18,28,1239,1100,0.4288,2565.2
"9",2019-03-25,28,1239,3300,0.8408,3924.8
"10",2019-04-01,28,1239,1100,0.6258,1757.8
"11",2019-04-08,28,1239,2200,0.5958,3692.7
"12",2019-04-15,28,1239,2200,0.5958,3692.7
"13",2019-04-22,28,1239,2200,0.651,3379.2
"14",2019-04-29,28,1239,1100,0.5999,1833.7
"15",2019-05-01,28,1239,3300,0.8996,3668.5
"16",2019-05-06,28,1239,2200,0.6059,3631.1
"17",2019-05-13,28,1239,2200,0.7286,3019.5
"18",2019-05-20,28,1239,2200,0.5605,3924.8
"19",2019-05-27,28,1239,2200,0.7148,3077.8
"20",2019-06-01,28,1239,1100,0.8091,1359.6
"21",2019-06-03,28,1239,5500,0.7579,7256.7
"22",2019-06-10,28,1239,3300,0.6585,5011.6
"23",2019-06-17,28,1239,5500,1.0154,5416.4
"24",2019-06-24,28,1239,3300,0.8731,3779.6
"25",2019-07-01,28,1239,2200,0.6658,3304.4
"26",2019-07-08,28,1239,2200,0.5218,4216.3
"27",2019-07-15,28,1239,2200,0.9732,2260.5
"28",2019-07-22,28,1239,2200,0.789,2788.5
"29",2019-08-01,28,1239,1100,0.6423,1712.7
"30",2019-08-05,28,1239,1100,0.6553,1678.6
"31",2019-08-19,28,1239,3300,0.9177,3595.9
"32",2019-08-26,28,1239,1100,0.8084,1360.7
"33",2019-09-01,28,1239,8800,67.2269,130.9
"34",2019-09-16,28,1239,1100,0.4771,2305.6
"35",2019-09-23,28,1239,2200,0.6376,3450.7
"36",2019-10-01,28,1239,2200,0.8699,2528.9
"37",2019-10-07,28,1239,3300,0.7369,4478.1
"38",2019-10-21,28,1239,2200,0.8275,2658.7
"39",2019-10-28,28,1239,1100,0.9033,1217.7
"40",2019-11-01,28,1239,2200,0.8889,2475
"41",2019-11-11,28,1239,2200,0.5299,4151.4
"42",2019-11-18,28,1239,1100,0.4006,2745.6
"43",2019-12-02,28,1239,1100,0.4978,2209.9
"44",2019-12-09,28,1239,1100,0.6297,1746.8
"45",2019-12-16,28,1239,1100,0.4819,2282.5
"46",2019-12-23,28,1239,2200,0.5505,3996.3
"47",2019-12-30,28,1239,1100,0.5744,1915.1
"48",2019-01-01,7338,1426,103400,1.4498,71320.7
"49",2019-01-07,7338,1426,91300,1.3242,68945.8
"50",2019-01-14,7338,1426,78100,1.2388,63043.2
"51",2019-01-21,7338,1426,89100,1.378,64656.9
"52",2019-01-28,7338,1426,41800,1.3463,31047.5
"53",2019-02-01,7338,1426,31900,1.0772,29614.2
"54",2019-02-04,7338,1426,73700,1.2934,56980
"55",2019-02-11,7338,1426,90200,1.3613,66261.8
"56",2019-02-18,7338,1426,79200,1.2256,64622.8
"57",2019-02-25,7338,1426,26400,1.1012,23973.4
"58",2019-03-01,7338,1426,36300,1.0973,33081.4
"59",2019-03-04,7338,1426,102300,1.2083,84661.5
"60",2019-03-11,7338,1426,82500,1.3144,62767.1
"61",2019-03-18,7338,1426,90200,1.4011,64377.5
"62",2019-03-25,7338,1426,75900,1.3014,58319.8
"63",2019-04-01,7338,1426,61600,0.9845,62568
"64",2019-04-08,7338,1426,74800,1.1637,64275.2
"65",2019-04-15,7338,1426,72600,1.2481,58170.2
"66",2019-04-22,7338,1426,168300,1.7585,95708.8
"67",2019-04-29,7338,1426,72600,1.8199,39892.6
"68",2019-05-01,7338,1426,73700,1.2411,59383.5
"69",2019-05-06,7338,1426,102300,1.2461,82093
"70",2019-05-13,7338,1426,114400,1.2514,91417.7
"71",2019-05-20,7338,1426,96800,1.3118,73791.3
"72",2019-05-27,7338,1426,85800,1.3591,63132.3
"73",2019-06-01,7338,1426,24200,1.352,17899.2
"74",2019-06-03,7338,1426,138600,1.3626,101713.7
"75",2019-06-10,7338,1426,161700,1.3615,118767
"76",2019-06-17,7338,1426,146300,1.3561,107882.5
"77",2019-06-24,7338,1426,139700,1.3541,103165.7
"78",2019-07-01,7338,1426,182600,1.5422,118405.1
"79",2019-07-08,7338,1426,203500,1.8681,108934.1
"80",2019-07-15,7338,1426,233200,1.87,124705.9
"81",2019-07-22,7338,1426,223300,1.8743,119135.5
"82",2019-07-29,7338,1426,92400,1.8762,49249.2
"83",2019-08-01,7338,1426,72600,1.23,59024.9
"84",2019-08-05,7338,1426,110000,1.2552,87632.6
"85",2019-08-12,7338,1426,151800,1.4394,105463.6
"86",2019-08-19,7338,1426,176000,1.4383,122362.9
"87",2019-08-26,7338,1426,134200,1.4345,93550.6
"88",2019-09-02,7338,1426,151800,1.4425,105235.9
"89",2019-09-09,7338,1426,172700,1.7345,99565.4
"90",2019-09-16,7338,1426,161700,1.8648,86713
"91",2019-09-23,7338,1426,156200,1.7637,88562.1
"92",2019-09-30,7338,1426,3300,0.777,4247.1
"93",2019-10-01,7338,1426,84700,1.2927,65521.5
"94",2019-10-07,7338,1426,141900,1.551,91489.2
"95",2019-10-14,7338,1426,152900,1.5423,99139.7
"96",2019-10-21,7338,1426,108900,1.4092,77279.4
"97",2019-10-28,7338,1426,52800,1.7031,31002.4
"98",2019-11-01,7338,1426,61600,1.6098,38266.8
"99",2019-11-04,7338,1426,74800,1.0999,68003.1
"100",2019-11-11,7338,1426,60500,1.0724,56415.7
"101",2019-11-18,7338,1426,104500,1.7504,59700.3
"102",2019-11-25,7338,1426,73700,1.3756,53577.7
"103",2019-12-01,7338,1426,7700,1.3964,5514.3
"104",2019-12-02,7338,1426,70400,1.3382,52606.4
"105",2019-12-09,7338,1426,72600,1.3638,53234.5
"106",2019-01-01,28,1894,18700,0.8924,20955
"107",2019-01-07,28,1894,1100,0.4662,2359.5
"108",2019-01-28,28,1894,3300,0.8458,3901.7
"109",2019-02-01,28,1894,22000,0.9621,22866.8
"110",2019-02-04,28,1894,18700,0.9356,19988.1
"111",2019-02-11,28,1894,18700,0.8582,21791
"112",2019-02-18,28,1894,26400,0.8841,29859.5
"113",2019-02-25,28,1894,11000,0.8868,12404.7
"114",2019-03-01,28,1894,12100,0.8818,13722.5
"115",2019-03-04,28,1894,28600,0.8699,32879
"116",2019-03-11,28,1894,42900,0.9675,44342.1
"117",2019-03-18,28,1894,40700,0.9079,44830.5
"118",2019-03-25,28,1894,23100,0.8642,26731.1
"119",2019-04-01,28,1894,26400,0.8666,30463.4
"120",2019-04-08,28,1894,49500,0.9771,50658.3
"121",2019-04-15,28,1894,37400,0.9142,40912.3
"122",2019-04-22,28,1894,42900,0.8861,48412.1
"123",2019-04-29,28,1894,14300,0.8832,16192
"124",2019-05-01,28,1894,30800,0.8949,34415.7
"125",2019-05-06,28,1894,74800,1.0889,68691.7
"126",2019-05-13,28,1894,55000,0.9523,57757.7
"127",2019-05-20,28,1894,31900,0.8941,35678.5
"128",2019-05-27,28,1894,27500,1.0288,26730
"129",2019-06-01,28,1894,4400,0.8016,5489
"130",2019-06-03,28,1894,41800,1.0563,39571.4
"131",2019-06-10,28,1894,36300,0.9724,37328.5
"132",2019-06-17,28,1894,25300,0.8664,29200.6
"133",2019-06-24,28,1894,34100,0.8812,38696.9
"134",2019-07-01,28,1894,59400,1.0639,55833.8
"135",2019-07-08,28,1894,53900,0.9794,55031.9
"136",2019-07-15,28,1894,44000,0.8927,49291
"137",2019-07-22,28,1894,48400,1.0637,45502.6
"138",2019-07-29,28,1894,20900,1.1185,18685.7
"139",2019-08-01,28,1894,23100,0.8973,25743.3
"140",2019-08-05,28,1894,41800,0.8938,46765.4
"141",2019-08-12,28,1894,51700,1.0296,50213.9
"142",2019-08-19,28,1894,42900,0.9749,44004.4
"143",2019-08-26,28,1894,28600,0.8713,32824
"144",2019-09-01,28,1894,5500,0.7828,7025.7
"145",2019-09-02,28,1894,42900,1.0575,40566.9
"146",2019-09-09,28,1894,52800,1.0015,52718.6
"147",2019-09-16,28,1894,28600,0.8728,32769
"148",2019-09-23,28,1894,36300,1.0096,35953.5
"149",2019-09-30,28,1894,2200,0.8478,2594.9
"150",2019-10-01,28,1894,23100,0.9158,25225.2
"151",2019-10-07,28,1894,33000,0.8894,37105.2
"152",2019-10-14,28,1894,20900,1.0623,19674.6
"153",2019-10-21,28,1894,39600,1.1194,35374.9
"154",2019-10-28,28,1894,18700,1.0759,17380
"155",2019-11-01,28,1894,15400,1.2109,12718.2
"156",2019-11-04,28,1894,16500,1.0348,15945.6
"157",2019-11-11,28,1894,16500,1.0655,15485.8
"158",2019-11-18,28,1894,36300,1.0871,33392.7
"159",2019-11-25,28,1894,27500,1.0381,26490.2
"160",2019-12-01,28,1894,1100,0.9488,1159.4
"161",2019-12-02,28,1894,33000,1.0464,31538.1
"162",2019-12-09,28,1894,36300,1.0571,34339.8
"163",2019-12-16,28,1894,23100,1.0039,23010.9
"164",2019-12-23,28,1894,24200,0.9614,25171.3
"165",2019-12-30,28,1894,9900,0.9304,10640.3
"166",2019-12-16,7338,1426,115500,1.7055,67722.6
"167",2019-12-23,7338,1426,64900,1.1713,55409.2
"168",2019-12-30,7338,1426,66000,1.4631,45109.9
"169",2019-01-01,28,1881,6600,0.9548,6912.4
"170",2019-01-07,28,1881,5500,0.9441,5825.6
"171",2019-02-04,28,1881,2200,0.8351,2634.5
"172",2019-02-11,28,1881,4400,50.6329,86.9
"173",2019-02-25,28,1881,9900,64.7482,152.9
"174",2019-04-08,28,1881,4400,57.971,75.9
"175",2019-04-15,28,1881,1100,0.7158,1536.7
"176",2019-05-01,28,1881,4400,54.0541,81.4
"177",2019-05-06,28,1881,9900,60.4027,163.9
"178",2019-05-13,28,1881,5500,0.9111,6036.8
"179",2019-05-20,28,1881,1100,0.8326,1321.1
"180",2019-06-01,28,1881,4400,54.0541,81.4
"181",2019-06-03,28,1881,1100,0.5342,2059.2
"182",2019-06-10,28,1881,3300,1.0228,3226.3
"183",2019-07-01,28,1881,9900,62.069,159.5
"184",2019-07-08,28,1881,6600,0.9074,7273.2
"185",2019-08-01,28,1881,3300,0.9588,3441.9
"186",2019-08-19,28,1881,7700,0.9138,8426
"187",2019-08-26,28,1881,1100,0.5441,2021.8
"188",2019-09-09,28,1881,2200,0.711,3094.3
"189",2019-10-07,28,1881,1100,0.5459,2015.2
"190",2019-11-01,28,1881,9900,60.4027,163.9
"191",2019-11-04,28,1881,2200,0.8873,2479.4
"192",2019-11-25,28,1881,4400,50.6329,86.9
"193",2019-12-02,28,1881,3300,0.8102,4073.3
"194",2019-12-09,28,1881,1100,1.0373,1060.4
"195",2019-12-23,28,1881,1100,0.7429,1480.6
"196",2019-04-08,2565,1239,4400,93.0233,47.3
"197",2019-04-22,2565,1239,1100,0.9911,1109.9
"198",2019-06-03,2565,1239,1100,0.7435,1479.5
"199",2019-07-01,2565,1239,1100,0.8576,1282.6
"200",2019-08-01,2565,1239,8800,73.3945,119.9
"201",2019-09-02,2565,1239,8800,73.3945,119.9
"202",2019-09-23,2565,1239,4400,85.1064,51.7
"203",2019-11-01,2565,1239,8800,85.1064,103.4
"204",2019-11-11,2565,1239,4400,71.4286,61.6
"205",2019-12-01,2565,1239,4400,71.4286,61.6
"206",2019-12-02,2565,1239,4400,71.4286,61.6
"207",2019-12-23,2565,1239,4400,71.4286,61.6
"208",2019-12-30,2565,1239,8800,70.7965,124.3
"209",2019-01-01,2565,1894,2200,0.6913,3182.3
"210",2019-01-07,2565,1894,2200,0.7158,3073.4
"211",2019-01-14,2565,1894,2200,0.8016,2744.5
"212",2019-01-21,2565,1894,2200,0.6363,3457.3
"213",2019-01-28,2565,1894,3300,0.887,3720.2
"214",2019-02-01,2565,1894,2200,0.6854,3209.8
"215",2019-02-04,2565,1894,4400,0.7891,5575.9
"216",2019-02-11,2565,1894,3300,0.6832,4830.1
"217",2019-02-18,2565,1894,4400,0.8351,5269
"218",2019-03-01,2565,1894,2200,0.6993,3146
"219",2019-03-04,2565,1894,3300,0.8097,4075.5
"220",2019-03-11,2565,1894,7700,0.9626,7999.2
"221",2019-03-18,2565,1894,5500,0.9513,5781.6
"222",2019-03-25,2565,1894,5500,0.9158,6006
"223",2019-04-01,2565,1894,5500,0.9078,6058.8
"224",2019-04-08,2565,1894,6600,0.9385,7032.3
"225",2019-04-15,2565,1894,4400,0.7685,5725.5
"226",2019-04-22,2565,1894,6600,0.9139,7221.5
"227",2019-04-29,2565,1894,2200,0.8703,2527.8
"228",2019-05-01,2565,1894,3300,0.7708,4281.2
"229",2019-05-06,2565,1894,14300,1.0405,13743.4
"230",2019-05-13,2565,1894,5500,0.9263,5937.8
"231",2019-05-20,2565,1894,4400,0.9074,4848.8
"232",2019-05-27,2565,1894,4400,1.0181,4321.9
"233",2019-06-03,2565,1894,9900,1.0001,9898.9
"234",2019-06-10,2565,1894,4400,0.8818,4989.6
"235",2019-06-17,2565,1894,6600,0.9407,7015.8
"236",2019-06-24,2565,1894,4400,0.9583,4591.4
"237",2019-07-01,2565,1894,7700,0.9767,7883.7
"238",2019-07-08,2565,1894,7700,1.024,7519.6
"239",2019-07-15,2565,1894,5500,0.8445,6513.1
"240",2019-07-22,2565,1894,14300,1.151,12424.5
"241",2019-07-29,2565,1894,3300,0.9947,3317.6
"242",2019-08-01,2565,1894,2200,0.681,3230.7
"243",2019-08-05,2565,1894,8800,0.9271,9491.9
"244",2019-08-12,2565,1894,4400,0.9857,4463.8
"245",2019-08-19,2565,1894,8800,0.9693,9078.3
"246",2019-08-26,2565,1894,5500,0.8578,6411.9
"247",2019-09-02,2565,1894,6600,1.0197,6472.4
"248",2019-09-09,2565,1894,5500,0.9278,5927.9
"249",2019-09-16,2565,1894,4400,0.8715,5049
"250",2019-09-23,2565,1894,6600,1.005,6567
"251",2019-10-01,2565,1894,3300,0.8015,4117.3
"252",2019-10-07,2565,1894,3300,0.9337,3534.3
"253",2019-10-14,2565,1894,3300,0.8884,3714.7
"254",2019-10-21,2565,1894,5500,0.9495,5792.6
"255",2019-10-28,2565,1894,3300,0.9766,3379.2
"256",2019-11-01,2565,1894,2200,1.0035,2192.3
"257",2019-11-04,2565,1894,3300,0.8842,3732.3
"258",2019-11-11,2565,1894,6600,1.0161,6495.5
"259",2019-11-18,2565,1894,6600,1.083,6094
"260",2019-11-25,2565,1894,6600,0.9676,6821.1
"261",2019-12-02,2565,1894,6600,1.0697,6169.9
"262",2019-12-09,2565,1894,7700,1.0723,7180.8
"263",2019-12-16,2565,1894,6600,1.0086,6543.9
"264",2019-12-23,2565,1894,5500,0.8255,6662.7
"265",2019-12-30,2565,1894,1100,0.6557,1677.5
"266",2019-01-28,3500,1239,4400,80,55
"267",2019-02-01,3500,1239,4400,72.7273,60.5
"268",2019-03-18,3500,1239,8800,76.1905,115.5
"269",2019-04-22,3500,1239,4400,75.4717,58.3
"270",2019-04-29,3500,1239,4400,108.1081,40.7
"271",2019-06-17,3500,1239,1100,0.9653,1139.6
"272",2019-07-29,3500,1239,8800,73.3945,119.9
"273",2019-09-01,3500,1239,8800,73.3945,119.9
"274",2019-11-18,3500,1239,8800,70.7965,124.3
"275",2019-12-09,3500,1239,8800,70.7965,124.3
"276",2019-12-23,3500,1239,4400,71.4286,61.6
"277",2019-02-04,12017,1545,5500,98.0392,56.1
"278",2019-02-11,12017,1545,5500,98.0392,56.1
"279",2019-02-18,12017,1545,5500,98.0392,56.1
"280",2019-01-07,3500,1545,5500,87.7193,62.7
"281",2019-01-14,3500,1545,5500,87.7193,62.7
"282",2019-01-01,6281,1545,5500,89.2857,61.6
"283",2019-01-07,6281,1545,5500,89.2857,61.6
"284",2019-02-11,6281,1545,5500,86.2069,63.8
"285",2019-01-07,3500,1894,1100,0.7158,1536.7
"286",2019-01-14,3500,1894,1100,0.5568,1975.6
"287",2019-01-21,3500,1894,1100,0.7158,1536.7
"288",2019-03-01,3500,1894,4400,86.9565,50.6
"289",2019-03-11,3500,1894,1100,0.5562,1977.8
"290",2019-04-15,3500,1894,1100,0.5845,1882.1
"291",2019-04-29,3500,1894,8800,86.0215,102.3
"292",2019-05-06,3500,1894,1100,0.5807,1894.2
"293",2019-05-13,3500,1894,1100,0.6859,1603.8
"294",2019-06-03,3500,1894,1100,0.6988,1574.1
"295",2019-06-10,3500,1894,1100,0.5995,1834.8
"296",2019-07-01,3500,1894,2200,0.9195,2392.5
"297",2019-07-08,3500,1894,2200,0.9474,2322.1
"298",2019-07-15,3500,1894,1100,0.5079,2165.9
"299",2019-07-22,3500,1894,2200,0.9533,2307.8
"300",2019-07-29,3500,1894,1100,1.001,1098.9
"301",2019-08-05,3500,1894,1100,0.9276,1185.8
"302",2019-08-12,3500,1894,1100,0.6854,1604.9
"303",2019-08-19,3500,1894,1100,0.6219,1768.8
"304",2019-09-01,3500,1894,4400,86.9565,50.6
"305",2019-09-02,3500,1894,3300,1.0438,3161.4
"306",2019-09-09,3500,1894,1100,0.6684,1645.6
"307",2019-09-16,3500,1894,1100,0.5882,1870
"308",2019-10-14,3500,1894,1100,0.7899,1392.6
"309",2019-11-18,3500,1894,1100,0.8961,1227.6
"310",2019-01-01,2565,1881,1100,1.0163,1082.4
"311",2019-01-14,2565,1881,4400,81.6327,53.9
"312",2019-01-21,2565,1881,1100,0.6266,1755.6
"313",2019-02-01,2565,1881,9900,90.9091,108.9
"314",2019-03-25,2565,1881,4400,57.971,75.9
"315",2019-05-13,2565,1881,2200,0.7619,2887.5
"316",2019-06-10,2565,1881,1100,0.9302,1182.5
"317",2019-06-24,2565,1881,9900,64.7482,152.9
"318",2019-08-01,2565,1881,1100,0.6817,1613.7
"319",2019-08-05,2565,1881,9900,64.7482,152.9
"320",2019-08-19,2565,1881,1100,0.5647,1948.1
"321",2019-09-09,2565,1881,1100,0.8354,1316.7
"322",2019-03-04,3500,1881,4400,57.971,75.9
"323",2019-03-25,3500,1881,4400,57.971,75.9
"324",2019-04-22,3500,1881,4400,57.971,75.9
"325",2019-05-01,3500,1881,9900,64.7482,152.9
"326",2019-05-13,3500,1881,9900,88.2353,112.2
"327",2019-06-01,3500,1881,4400,57.971,75.9
"328",2019-07-08,3500,1881,4400,86.9565,50.6
"329",2019-07-15,3500,1881,9900,64.7482,152.9
"330",2019-07-22,3500,1881,4400,57.971,75.9
"331",2019-08-12,3500,1881,4400,57.971,75.9
"332",2019-08-19,3500,1881,1100,0.597,1842.5
"333",2019-09-23,3500,1881,4400,62.5,70.4
"334",2019-10-01,3500,1881,4400,62.5,70.4
"335",2019-10-14,3500,1881,9900,84.1121,117.7
"336",2019-11-01,3500,1881,4400,76.9231,57.2
"337",2019-01-01,6281,1239,1100,0.5423,2028.4
"338",2019-03-11,6281,1239,1100,0.7782,1413.5
"339",2019-03-25,6281,1239,1100,0.7886,1394.8
"340",2019-06-03,6281,1239,1100,0.8482,1296.9
"341",2019-06-17,6281,1239,1100,0.7246,1518
"342",2019-07-29,6281,1239,8800,73.3945,119.9
"343",2019-09-30,6281,1239,8800,84.2105,104.5
"344",2019-11-01,6281,1239,4400,85.1064,51.7
"345",2019-11-04,6281,1239,8800,74.7664,117.7
"346",2019-12-01,6281,1239,8800,70.7965,124.3
"347",2019-01-21,6281,1894,8800,80.8081,108.9
"348",2019-01-28,6281,1894,8800,89.8876,97.9
"349",2019-02-04,6281,1894,4400,81.6327,53.9
"350",2019-04-01,6281,1894,8800,84.2105,104.5
"351",2019-05-06,6281,1894,1100,0.821,1339.8
"352",2019-05-20,6281,1894,1100,0.6667,1650
"353",2019-05-27,6281,1894,4400,86.9565,50.6
"354",2019-06-03,6281,1894,3300,0.9205,3584.9
"355",2019-06-10,6281,1894,1100,0.9756,1127.5
"356",2019-06-17,6281,1894,1100,0.7616,1444.3
"357",2019-07-01,6281,1894,2200,0.8795,2501.4
"358",2019-07-15,6281,1894,8800,86.0215,102.3
"359",2019-08-12,6281,1894,1100,0.8032,1369.5
"360",2019-10-01,6281,1894,4400,95.2381,46.2
"361",2019-10-07,6281,1894,8800,86.0215,102.3
"362",2019-10-14,6281,1894,1100,0.9579,1148.4
"363",2019-12-09,6281,1894,8800,96.3855,91.3
"364",2019-12-16,6281,1894,8800,89.8876,97.9
"365",2019-12-30,6281,1894,4400,88.8889,49.5
"366",2019-02-11,6281,1881,4400,57.971,75.9
"367",2019-04-08,6281,1881,4400,57.971,75.9
"368",2019-05-06,6281,1881,4400,57.971,75.9
"369",2019-05-20,6281,1881,4400,78.4314,56.1
"370",2019-06-03,6281,1881,9900,64.7482,152.9
"371",2019-06-17,6281,1881,1100,0.7616,1444.3
"372",2019-07-29,6281,1881,4400,83.3333,52.8
"373",2019-08-01,6281,1881,4400,83.3333,52.8
"374",2019-08-19,6281,1881,1100,0.9497,1158.3
"375",2019-10-21,6281,1881,9900,84.1121,117.7
"376",2019-11-04,6281,1881,4400,86.9565,50.6
"377",2019-11-18,6281,1881,4400,72.7273,60.5
"378",2019-12-09,6281,1881,9900,101.1236,97.9
"379",2019-12-23,6281,1881,4400,90.9091,48.4
"380",2019-12-30,6281,1881,4400,90.9091,48.4
"381",2019-01-07,7338,1239,3300,0.891,3703.7
"382",2019-01-14,7338,1239,2200,0.777,2831.4
"383",2019-02-04,7338,1239,1100,0.6821,1612.6
"384",2019-03-01,7338,1239,1100,0.8354,1316.7
"385",2019-03-04,7338,1239,1100,0.4773,2304.5
"386",2019-03-18,7338,1239,1100,0.6423,1712.7
"387",2019-03-25,7338,1239,1100,0.8569,1283.7
"388",2019-04-01,7338,1239,1100,0.7424,1481.7
"389",2019-04-22,7338,1239,1100,0.5963,1844.7
"390",2019-05-01,7338,1239,2200,0.7719,2850.1
"391",2019-05-13,7338,1239,1100,0.6649,1654.4
"392",2019-05-20,7338,1239,4400,1.1022,3991.9
"393",2019-05-27,7338,1239,2200,0.8842,2488.2
"394",2019-06-01,7338,1239,1100,1.0953,1004.3
"395",2019-06-03,7338,1239,4400,0.9079,4846.6
"396",2019-06-10,7338,1239,4400,1.0283,4279
"397",2019-06-17,7338,1239,3300,0.9944,3318.7
"398",2019-06-24,7338,1239,4400,0.8801,4999.5
"399",2019-07-01,7338,1239,5500,0.9893,5559.4
"400",2019-07-08,7338,1239,3300,0.8574,3848.9
"401",2019-07-15,7338,1239,4400,0.8342,5274.5
"402",2019-07-22,7338,1239,3300,0.9138,3611.3
"403",2019-07-29,7338,1239,3300,0.8203,4022.7
"404",2019-08-01,7338,1239,1100,0.5081,2164.8
"405",2019-08-05,7338,1239,2200,0.6437,3417.7
"406",2019-01-01,7382,1239,8800,1.0398,8463.4
"407",2019-01-07,7382,1239,9900,0.9324,10618.3
"408",2019-01-14,7382,1239,4400,0.7443,5911.4
"409",2019-01-21,7382,1239,3300,0.6109,5402.1
"410",2019-01-28,7382,1239,1100,0.4771,2305.6
"411",2019-02-01,7382,1239,1100,0.3976,2766.5
"412",2019-02-04,7382,1239,2200,0.5565,3953.4
"413",2019-02-11,7382,1239,4400,0.6484,6785.9
"414",2019-02-18,7382,1239,4400,0.7242,6075.3
"415",2019-02-25,7382,1239,2200,0.7576,2904
"416",2019-03-01,7382,1239,3300,0.8762,3766.4
"417",2019-03-04,7382,1239,11000,0.9724,11312.4
"418",2019-03-11,7382,1239,5500,0.8646,6361.3
"419",2019-03-18,7382,1239,5500,0.893,6158.9
"420",2019-03-25,7382,1239,6600,0.9751,6768.3
"421",2019-04-01,7382,1239,8800,0.9845,8938.6
"422",2019-04-08,7382,1239,7700,0.9171,8396.3
"423",2019-04-15,7382,1239,8800,0.9628,9139.9
"424",2019-04-22,7382,1239,9900,0.9087,10894.4
"425",2019-04-29,7382,1239,4400,1.2147,3622.3
"426",2019-05-01,7382,1239,9900,0.9561,10354.3
"427",2019-05-06,7382,1239,7700,0.9132,8431.5
"428",2019-05-13,7382,1239,6600,0.9142,7219.3
"429",2019-05-20,7382,1239,8800,1.0991,8006.9
"430",2019-05-27,7382,1239,9900,1.0274,9636
"431",2019-06-01,7382,1239,6600,1.0741,6144.6
"432",2019-06-03,7382,1239,18700,1.0925,17117.1
"433",2019-06-10,7382,1239,17600,1.0299,17089.6
"434",2019-06-17,7382,1239,14300,1.0566,13534.4
"435",2019-06-24,7382,1239,19800,1.097,18049.9
"436",2019-07-01,7382,1239,8800,0.8563,10276.2
"437",2019-07-08,7382,1239,8800,0.8199,10732.7
"438",2019-07-15,7382,1239,16500,1.061,15551.8
"439",2019-07-22,7382,1239,14300,1.0683,13385.9
"440",2019-07-29,7382,1239,5500,0.9868,5573.7
"441",2019-08-01,7382,1239,4400,1.0127,4345
"442",2019-08-05,7382,1239,14300,0.9779,14623.4
"443",2019-08-12,7382,1239,15400,0.9535,16150.2
"444",2019-08-19,7382,1239,15400,0.8957,17194.1
"445",2019-08-26,7382,1239,11000,0.852,12910.7
"446",2019-09-01,7382,1239,1100,0.5288,2080.1
"447",2019-09-02,7382,1239,7700,0.8104,9501.8
"448",2019-09-09,7382,1239,5500,0.6494,8470
"449",2019-09-16,7382,1239,4400,0.751,5858.6
"450",2019-09-23,7382,1239,5500,0.7958,6911.3
"451",2019-10-01,7382,1239,7700,0.8257,9325.8
"452",2019-10-07,7382,1239,9900,0.858,11539
"453",2019-10-14,7382,1239,6600,0.9077,7271
"454",2019-10-21,7382,1239,7700,0.8366,9203.7
"455",2019-10-28,7382,1239,3300,0.9138,3611.3
"456",2019-11-01,7382,1239,2200,0.9718,2263.8
"457",2019-11-04,7382,1239,4400,0.7639,5759.6
"458",2019-11-11,7382,1239,4400,0.651,6758.4
"459",2019-11-18,7382,1239,4400,0.6872,6403.1
"460",2019-08-12,7338,1239,3300,0.6952,4746.5
"461",2019-08-19,7338,1239,4400,0.7865,5594.6
"462",2019-08-26,7338,1239,3300,0.7831,4214.1
"463",2019-09-02,7338,1239,2200,0.6991,3147.1
"464",2019-09-09,7338,1239,4400,0.8682,5067.7
"465",2019-09-16,7338,1239,1100,0.5574,1973.4
"466",2019-09-23,7338,1239,3300,0.8475,3894
"467",2019-10-01,7338,1239,2200,0.793,2774.2
"468",2019-10-07,7338,1239,2200,0.9166,2400.2
"469",2019-10-14,7338,1239,1100,0.5426,2027.3
"470",2019-10-21,7338,1239,2200,0.7236,3040.4
"471",2019-11-01,7338,1239,2200,0.9676,2273.7
"472",2019-11-04,7338,1239,1100,0.5149,2136.2
"473",2019-11-11,7338,1239,1100,0.4083,2693.9
"474",2019-11-18,7338,1239,1100,0.654,1681.9
"475",2019-11-25,7338,1239,1100,0.5559,1978.9
"476",2019-12-01,7338,1239,8800,68.9655,127.6
"477",2019-12-09,7338,1239,1100,0.5139,2140.6
"478",2019-12-23,7338,1239,2200,0.5785,3802.7
"479",2019-01-01,7389,1239,6600,1.0361,6370.1
"480",2019-01-07,7389,1239,6600,0.9412,7012.5
"481",2019-01-14,7389,1239,3300,0.6636,4973.1
"482",2019-01-21,7389,1239,4400,0.6885,6391
"483",2019-01-28,7389,1239,1100,0.4771,2305.6
"484",2019-02-01,7389,1239,2200,0.7421,2964.5
"485",2019-02-04,7389,1239,3300,0.6035,5468.1
"486",2019-02-11,7389,1239,4400,0.6607,6659.4
"487",2019-02-18,7389,1239,4400,0.9259,4752
"488",2019-02-25,7389,1239,2200,0.7018,3135
"489",2019-03-01,7389,1239,3300,0.8542,3863.2
"490",2019-03-04,7389,1239,7700,0.9492,8112.5
"491",2019-03-11,7389,1239,5500,0.8649,6359.1
"492",2019-03-18,7389,1239,5500,0.8786,6260.1
"493",2019-03-25,7389,1239,8800,0.9174,9592
"494",2019-04-01,7389,1239,11000,0.9943,11062.7
"495",2019-04-08,7389,1239,7700,0.8974,8580
"496",2019-04-15,7389,1239,5500,0.8715,6310.7
"497",2019-04-22,7389,1239,7700,0.93,8279.7
"498",2019-04-29,7389,1239,4400,1.3779,3193.3
"499",2019-05-01,7389,1239,7700,0.9024,8532.7
"500",2019-05-06,7389,1239,6600,0.9116,7240.2
"501",2019-05-13,7389,1239,5500,0.7963,6906.9
"502",2019-05-20,7389,1239,9900,0.9741,10162.9
"503",2019-05-27,7389,1239,14300,1.0369,13790.7
"504",2019-06-01,7389,1239,6600,1.0372,6363.5
"505",2019-06-03,7389,1239,14300,0.9608,14883
"506",2019-06-10,7389,1239,9900,0.9203,10756.9
"507",2019-06-17,7389,1239,17600,1.1433,15393.4
"508",2019-06-24,7389,1239,15400,1.1246,13693.9
"509",2019-07-01,7389,1239,7700,0.8105,9500.7
"510",2019-07-08,7389,1239,9900,0.8349,11858
"511",2019-07-15,7389,1239,15400,1.0781,14284.6
"512",2019-07-22,7389,1239,13200,0.9374,14082.2
"513",2019-07-29,7389,1239,2200,0.6184,3557.4
"514",2019-08-01,7389,1239,3300,0.6472,5098.5
"515",2019-08-05,7389,1239,8800,0.8541,10303.7
"516",2019-08-12,7389,1239,6600,0.852,7746.2
"517",2019-08-19,7389,1239,12100,0.9637,12555.4
"518",2019-08-26,7389,1239,6600,0.8355,7899.1
"519",2019-09-02,7389,1239,6600,0.7276,9070.6
"520",2019-09-09,7389,1239,5500,0.821,6699
"521",2019-09-16,7389,1239,6600,0.7731,8537.1
"522",2019-09-23,7389,1239,7700,0.8843,8707.6
"523",2019-10-01,7389,1239,4400,0.8435,5216.2
"524",2019-10-07,7389,1239,7700,0.8966,8587.7
"525",2019-10-14,7389,1239,7700,0.9249,8324.8
"526",2019-10-21,7389,1239,6600,0.8935,7386.5
"527",2019-10-28,7389,1239,1100,0.5596,1965.7
"528",2019-11-01,7389,1239,4400,1.0761,4088.7
"529",2019-11-04,7389,1239,4400,0.7163,6142.4
"530",2019-11-11,7389,1239,4400,0.7323,6008.2
"531",2019-11-18,7389,1239,4400,0.7686,5724.4
"532",2019-11-25,7389,1239,2200,0.6489,3390.2
"533",2019-12-02,7389,1239,5500,0.8465,6497.7
"534",2019-12-09,7389,1239,4400,0.6947,6333.8
"535",2019-12-16,7389,1239,3300,0.7918,4167.9
"536",2019-12-23,7389,1239,6600,0.8497,7767.1
"537",2019-12-30,7389,1239,5500,0.8328,6604.4
"538",2019-01-01,7395,1239,4400,0.9857,4463.8
"539",2019-01-07,7395,1239,4400,0.8249,5333.9
"540",2019-01-14,7395,1239,1100,0.6361,1729.2
"541",2019-01-21,7395,1239,2200,0.5565,3953.4
"542",2019-02-04,7395,1239,2200,0.6423,3425.4
"543",2019-02-11,7395,1239,1100,0.5388,2041.6
"544",2019-02-18,7395,1239,2200,0.6301,3491.4
"545",2019-02-25,7395,1239,1100,0.5507,1997.6
"546",2019-03-01,7395,1239,2200,0.8351,2634.5
"547",2019-03-04,7395,1239,5500,0.879,6256.8
"548",2019-03-11,7395,1239,3300,0.6464,5105.1
"549",2019-03-18,7395,1239,1100,0.3795,2898.5
"550",2019-03-25,7395,1239,7700,0.9135,8429.3
"551",2019-04-01,7395,1239,8800,0.9329,9432.5
"552",2019-04-08,7395,1239,4400,0.8035,5475.8
"553",2019-04-15,7395,1239,2200,0.5591,3934.7
"554",2019-04-22,7395,1239,3300,0.7253,4549.6
"555",2019-04-29,7395,1239,2200,1.0406,2114.2
"556",2019-05-01,7395,1239,4400,0.7865,5594.6
"557",2019-05-06,7395,1239,4400,0.7156,6149
"558",2019-05-13,7395,1239,2200,0.6277,3504.6
"559",2019-05-20,7395,1239,4400,1.0411,4226.2
"560",2019-05-27,7395,1239,4400,0.8855,4968.7
"561",2019-06-01,7395,1239,3300,0.9285,3554.1
"562",2019-06-03,7395,1239,5500,0.8859,6208.4
"563",2019-06-10,7395,1239,6600,0.8683,7601
"564",2019-06-17,7395,1239,15400,1.0999,14001.9
"565",2019-06-24,7395,1239,6600,0.9987,6608.8
"566",2019-07-01,7395,1239,7700,0.726,10606.2
"567",2019-07-08,7395,1239,4400,0.6908,6369
"568",2019-07-15,7395,1239,12100,1.0126,11949.3
"569",2019-07-22,7395,1239,4400,0.8247,5335
"570",2019-08-01,7395,1239,1100,0.3976,2766.5
"571",2019-08-05,7395,1239,7700,0.8942,8610.8
"572",2019-08-12,7395,1239,5500,0.8269,6651.7
"573",2019-08-19,7395,1239,7700,0.8651,8901.2
"574",2019-08-26,7395,1239,5500,0.7943,6924.5
"575",2019-09-01,7395,1239,1100,0.4771,2305.6
"576",2019-09-02,7395,1239,4400,0.7181,6127
"577",2019-09-09,7395,1239,3300,0.6591,5007.2
"578",2019-09-16,7395,1239,2200,0.6184,3557.4
"579",2019-09-23,7395,1239,5500,0.8809,6243.6
"580",2019-10-01,7395,1239,3300,0.7829,4215.2
"581",2019-10-07,7395,1239,3300,0.8352,3951.2
"582",2019-10-14,7395,1239,4400,0.827,5320.7
"583",2019-10-21,7395,1239,4400,0.8897,4945.6
"584",2019-10-28,7395,1239,1100,0.627,1754.5
"585",2019-11-01,7395,1239,1100,0.6481,1697.3
"586",2019-11-04,7395,1239,2200,0.5784,3803.8
"587",2019-11-11,7395,1239,2200,0.5961,3690.5
"588",2019-11-18,7395,1239,2200,0.7189,3060.2
"589",2019-11-25,7395,1239,1100,0.5074,2168.1
"590",2019-12-02,7395,1239,1100,0.4726,2327.6
"591",2019-12-09,7395,1239,1100,0.4513,2437.6
"592",2019-12-16,7395,1239,1100,0.5659,1943.7
"593",2019-12-23,7395,1239,2200,0.6215,3539.8
"594",2019-12-30,7395,1239,2200,0.6085,3615.7
"595",2019-11-25,7382,1239,3300,0.6291,5245.9
"596",2019-12-02,7382,1239,3300,0.7599,4342.8
"597",2019-12-09,7382,1239,3300,0.6884,4793.8
"598",2019-12-16,7382,1239,3300,0.7634,4323
"599",2019-12-23,7382,1239,5500,0.7261,7574.6
"600",2019-12-30,7382,1239,3300,0.646,5108.4
"601",2019-01-01,7475,1239,5500,1.0333,5322.9
"602",2019-01-07,7475,1239,9900,0.9195,10766.8
"603",2019-01-14,7475,1239,5500,0.7538,7296.3
"604",2019-01-21,7475,1239,2200,0.5757,3821.4
"605",2019-02-01,7475,1239,2200,0.5659,3887.4
"606",2019-02-04,7475,1239,1100,0.4771,2305.6
"607",2019-02-11,7475,1239,4400,0.7105,6193
"608",2019-02-18,7475,1239,3300,0.6957,4743.2
"609",2019-02-25,7475,1239,2200,0.6445,3413.3
"610",2019-03-01,7475,1239,3300,0.7911,4171.2
"611",2019-03-04,7475,1239,8800,0.8138,10813
"612",2019-03-11,7475,1239,3300,0.6083,5425.2
"613",2019-03-18,7475,1239,1100,0.4297,2559.7
"614",2019-03-25,7475,1239,3300,0.7752,4257
"615",2019-04-01,7475,1239,6600,0.8851,7456.9
"616",2019-04-08,7475,1239,4400,0.7967,5523.1
"617",2019-04-15,7475,1239,4400,0.6913,6364.6
"618",2019-04-22,7475,1239,11000,0.7394,14877.5
"619",2019-04-29,7475,1239,2200,0.7782,2827
"620",2019-05-01,7475,1239,11000,0.7542,14584.9
"621",2019-05-06,7475,1239,9900,0.7293,13574
"622",2019-05-13,7475,1239,7700,0.7731,9960.5
"623",2019-05-20,7475,1239,12100,1.0182,11883.3
"624",2019-05-27,7475,1239,8800,1.0315,8531.6
"625",2019-06-01,7475,1239,5500,1.0443,5266.8
"626",2019-06-03,7475,1239,8800,0.7785,11303.6
"627",2019-06-10,7475,1239,24200,0.9088,26629.9
"628",2019-06-17,7475,1239,15400,1.05,14666.3
"629",2019-06-24,7475,1239,2200,0.8654,2542.1
"630",2019-07-01,7475,1239,11000,0.7812,14081.1
"631",2019-07-08,7475,1239,6600,0.756,8730.7
"632",2019-07-15,7475,1239,14300,0.9848,14521.1
"633",2019-07-22,7475,1239,16500,1.0772,15317.5
"634",2019-07-29,7475,1239,4400,1.0899,4037
"635",2019-08-01,7475,1239,6600,0.9225,7154.4
"636",2019-08-05,7475,1239,8800,0.7339,11991.1
"637",2019-08-12,7475,1239,8800,0.6849,12848
"638",2019-08-19,7475,1239,9900,0.7995,12382.7
"639",2019-08-26,7475,1239,7700,0.7577,10162.9
"640",2019-09-01,7475,1239,1100,0.4912,2239.6
"641",2019-09-02,7475,1239,5500,0.6732,8169.7
"642",2019-09-09,7475,1239,6600,0.6547,10080.4
"643",2019-09-16,7475,1239,4400,0.6613,6653.9
"644",2019-09-23,7475,1239,7700,0.8222,9365.4
"645",2019-09-30,7475,1239,1100,0.6329,1738
"646",2019-10-01,7475,1239,5500,0.9158,6006
"647",2019-10-07,7475,1239,9900,0.899,11012.1
"648",2019-10-14,7475,1239,8800,0.8393,10485.2
"649",2019-10-21,7475,1239,4400,0.9118,4825.7
"650",2019-10-28,7475,1239,8800,82.4742,106.7
"651",2019-11-01,7475,1239,1100,0.7722,1424.5
"652",2019-11-04,7475,1239,4400,0.7772,5661.7
"653",2019-11-11,7475,1239,3300,0.6977,4730
"654",2019-11-18,7475,1239,2200,0.5671,3879.7
"655",2019-11-25,7475,1239,1100,0.5583,1970.1
"656",2019-12-02,7475,1239,1100,0.6281,1751.2
"657",2019-12-16,7475,1239,4400,65.5738,67.1
"658",2019-12-23,7475,1239,1100,0.5672,1939.3
"659",2019-12-30,7475,1239,2200,0.6847,3213.1
"660",2019-02-01,7338,1894,1100,0.8251,1333.2
"661",2019-02-11,7338,1894,4400,90.9091,48.4
"662",2019-02-25,7338,1894,4400,80,55
"663",2019-03-18,7338,1894,1100,0.768,1432.2
"664",2019-04-15,7338,1894,1100,0.7189,1530.1
"665",2019-04-22,7338,1894,1100,0.8913,1234.2
"666",2019-04-29,7338,1894,4400,81.6327,53.9
"667",2019-05-20,7338,1894,2200,1.1001,1999.8
"668",2019-06-03,7338,1894,3300,0.9997,3301.1
"669",2019-06-10,7338,1894,3300,1.0741,3072.3
"670",2019-06-17,7338,1894,4400,0.983,4475.9
"671",2019-06-24,7338,1894,2200,0.8157,2697.2
"672",2019-07-01,7338,1894,8800,1.1381,7731.9
"673",2019-07-08,7338,1894,3300,0.9715,3396.8
"674",2019-07-15,7338,1894,4400,1.0941,4021.6
"675",2019-07-22,7338,1894,8800,1.1059,7957.4
"676",2019-08-01,7338,1894,2200,0.996,2208.8
"677",2019-08-05,7338,1894,5500,1.2069,4557.3
"678",2019-08-12,7338,1894,2200,1.1312,1944.8
"679",2019-08-19,7338,1894,2200,0.8949,2458.5
"680",2019-08-26,7338,1894,1100,0.6684,1645.6
"681",2019-09-02,7338,1894,1100,0.5938,1852.4
"682",2019-09-09,7338,1894,1100,0.6631,1658.8
"683",2019-10-01,7338,1894,1100,0.7022,1566.4
"684",2019-10-07,7338,1894,2200,1.0157,2165.9
"685",2019-10-14,7338,1894,2200,0.746,2949.1
"686",2019-10-21,7338,1894,2200,0.8227,2674.1
"687",2019-11-18,7338,1894,1100,0.9294,1183.6
"688",2019-11-25,7338,1894,1100,0.6557,1677.5
"689",2019-12-02,7338,1894,1100,1.0823,1016.4
"690",2019-12-16,7338,1894,1100,0.8636,1273.8
"691",2019-12-23,7338,1894,1100,0.8985,1224.3
"692",2019-01-01,7395,1894,12100,0.8714,13886.4
"693",2019-01-07,7395,1894,15400,0.8686,17728.7
"694",2019-01-14,7395,1894,16500,0.8713,18936.5
"695",2019-01-21,7395,1894,9900,0.8756,11306.9
"696",2019-01-28,7395,1894,7700,0.8656,8895.7
"697",2019-02-01,7395,1894,16500,0.9798,16841
"698",2019-02-04,7395,1894,28600,0.9899,28892.6
"699",2019-02-11,7395,1894,17600,0.8956,19652.6
"700",2019-02-18,7395,1894,20900,0.8832,23663.2
"701",2019-02-25,7395,1894,4400,0.8109,5426.3
"702",2019-03-01,7395,1894,13200,0.9245,14278
"703",2019-03-04,7395,1894,17600,0.9077,19389.7
"704",2019-03-11,7395,1894,15400,0.9647,15964.3
"705",2019-03-18,7395,1894,26400,0.979,26966.5
"706",2019-03-25,7395,1894,14300,0.9053,15796
"707",2019-04-01,7395,1894,6600,0.786,8397.4
"708",2019-04-08,7395,1894,22000,0.9889,22247.5
"709",2019-04-15,7395,1894,26400,0.9666,27311.9
"710",2019-04-22,7395,1894,16500,0.932,17704.5
"711",2019-04-29,7395,1894,11000,1.3247,8303.9
"712",2019-05-01,7395,1894,7700,0.8497,9061.8
"713",2019-05-06,7395,1894,39600,1.1114,35630.1
"714",2019-05-13,7395,1894,82500,1.1182,73778.1
"715",2019-05-20,7395,1894,44000,1.2002,36660.8
"716",2019-05-27,7395,1894,9900,0.9256,10695.3
"717",2019-06-01,7395,1894,4400,0.7954,5531.9
"718",2019-06-03,7395,1894,49500,1.0899,45419
"719",2019-01-01,7389,1894,6600,0.8529,7738.5
"720",2019-01-07,7389,1894,9900,0.8389,11800.8
"721",2019-01-14,7389,1894,12100,0.8544,14161.4
"722",2019-01-21,7389,1894,13200,0.8409,15698.1
"723",2019-01-28,7389,1894,11000,0.8834,12452
"724",2019-02-01,7389,1894,8800,0.9045,9729.5
"725",2019-02-04,7389,1894,28600,0.995,28744.1
"726",2019-02-11,7389,1894,14300,0.9204,15536.4
"727",2019-02-18,7389,1894,17600,0.957,18390.9
"728",2019-02-25,7389,1894,6600,0.8851,7456.9
"729",2019-03-01,7389,1894,12100,0.9722,12445.4
"730",2019-03-04,7389,1894,23100,0.9584,24102.1
"731",2019-03-11,7389,1894,20900,0.9668,21617.2
"732",2019-03-18,7389,1894,14300,0.9493,15063.4
"733",2019-03-25,7389,1894,17600,0.9505,18516.3
"734",2019-04-01,7389,1894,13200,0.8978,14702.6
"735",2019-04-08,7389,1894,20900,0.969,21567.7
"736",2019-04-15,7389,1894,23100,0.9704,23805.1
"737",2019-04-22,7389,1894,12100,0.9693,12482.8
"738",2019-04-29,7389,1894,12100,1.1706,10336.7
"739",2019-05-01,7389,1894,8800,0.9271,9491.9
"740",2019-05-06,7389,1894,33000,1.1107,29709.9
"741",2019-05-13,7389,1894,40700,1.1079,36735.6
"742",2019-05-20,7389,1894,22000,1.1462,19193.9
"743",2019-05-27,7389,1894,14300,0.98,14591.5
"744",2019-06-01,7389,1894,5500,0.893,6158.9
"745",2019-06-03,7389,1894,31900,1.0637,29989.3
"746",2019-06-10,7389,1894,38500,1.0923,35247.3
"747",2019-06-17,7389,1894,23100,0.9632,23982.2
"748",2019-06-24,7389,1894,35200,1.1569,30426
"749",2019-07-01,7389,1894,61600,1.1168,55157.3
"750",2019-07-08,7389,1894,27500,0.991,27749.7
"751",2019-07-15,7389,1894,53900,1.2352,43638.1
"752",2019-07-22,7389,1894,38500,1.1038,34878.8
"753",2019-07-29,7389,1894,13200,1.1095,11897.6
"754",2019-08-01,7389,1894,14300,0.9472,15096.4
"755",2019-08-05,7389,1894,20900,1.2015,17395.4
"756",2019-08-12,7389,1894,22000,1.0259,21445.6
"757",2019-08-19,7389,1894,20900,0.9974,20955
"758",2019-08-26,7389,1894,13200,0.9577,13783
"759",2019-09-01,7389,1894,2200,0.8224,2675.2
"760",2019-09-02,7389,1894,23100,1.0271,22489.5
"761",2019-09-09,7389,1894,33000,1.019,32385.1
"762",2019-09-16,7389,1894,15400,0.9532,16156.8
"763",2019-09-23,7389,1894,18700,0.9979,18739.6
"764",2019-09-30,7389,1894,1100,0.5977,1840.3
"765",2019-10-01,7389,1894,8800,0.9661,9109.1
"766",2019-10-07,7389,1894,11000,0.9351,11763.4
"767",2019-10-14,7389,1894,16500,0.9726,16964.2
"768",2019-10-21,7389,1894,19800,0.9884,20033.2
"769",2019-06-10,7395,1894,46200,1.0851,42575.5
"770",2019-06-17,7395,1894,14300,0.8812,16228.3
"771",2019-06-24,7395,1894,50600,1.2314,41090.5
"772",2019-07-01,7395,1894,78100,1.1186,69821.4
"773",2019-07-08,7395,1894,47300,0.9958,47500.2
"774",2019-07-15,7395,1894,62700,1.1182,56070.3
"775",2019-07-22,7395,1894,93500,1.15,81303.2
"776",2019-07-29,7395,1894,25300,1.118,22630.3
"777",2019-08-01,7395,1894,24200,0.8696,27828.9
"778",2019-08-05,7395,1894,66000,1.1039,59789.4
"779",2019-08-12,7395,1894,46200,1.0096,45762.2
"780",2019-08-19,7395,1894,44000,0.9487,46380.4
"781",2019-08-26,7395,1894,30800,0.8978,34305.7
"782",2019-09-01,7395,1894,5500,0.8565,6421.8
"783",2019-09-02,7395,1894,53900,1.0253,52571.2
"784",2019-09-09,7395,1894,33000,0.9642,34225.4
"785",2019-09-16,7395,1894,18700,0.8538,21901
"786",2019-09-23,7395,1894,24200,1.0291,23515.8
"787",2019-09-30,7395,1894,2200,0.7522,2924.9
"788",2019-10-01,7395,1894,30800,0.8962,34368.4
"789",2019-10-07,7395,1894,13200,0.8468,15588.1
"790",2019-10-14,7395,1894,28600,0.9288,30793.4
"791",2019-10-21,7395,1894,34100,1.0136,33642.4
"792",2019-10-28,7395,1894,14300,0.9619,14866.5
"793",2019-11-01,7395,1894,19800,1.3791,14357.2
"794",2019-11-04,7395,1894,19800,1.0669,18558.1
"795",2019-11-11,7395,1894,17600,1.0047,17517.5
"796",2019-11-18,7395,1894,36300,1.0973,33082.5
"797",2019-11-25,7395,1894,17600,0.9864,17843.1
"798",2019-12-01,7395,1894,5500,1.0097,5447.2
"799",2019-12-02,7395,1894,17600,1.0244,17180.9
"800",2019-12-09,7395,1894,20900,1.0089,20716.3
"801",2019-12-16,7395,1894,20900,1.0318,20256.5
"802",2019-12-23,7395,1894,33000,1.0769,30644.9
"803",2019-12-30,7395,1894,22000,1.052,20913.2
"804",2019-10-28,7389,1894,5500,0.9872,5571.5
"805",2019-11-01,7389,1894,3300,1.1407,2893
"806",2019-11-04,7389,1894,7700,0.9466,8134.5
"807",2019-11-11,7389,1894,24200,0.9678,25005.2
"808",2019-11-18,7389,1894,22000,1.093,20127.8
"809",2019-11-25,7389,1894,13200,1.0161,12991
"810",2019-12-01,7389,1894,1100,0.8203,1340.9
"811",2019-12-02,7389,1894,8800,0.9102,9667.9
"812",2019-12-09,7389,1894,8800,0.8835,9960.5
"813",2019-12-16,7389,1894,15400,0.9286,16584.7
"814",2019-12-23,7389,1894,19800,0.9906,19987
"815",2019-12-30,7389,1894,5500,0.904,6084.1
"816",2019-01-01,7382,1894,11000,0.8751,12569.7
"817",2019-01-07,7382,1894,13200,0.8528,15478.1
"818",2019-01-14,7382,1894,16500,0.8468,19485.4
"819",2019-01-21,7382,1894,18700,0.8895,21022.1
"820",2019-01-28,7382,1894,8800,0.885,9944
"821",2019-02-01,7382,1894,6600,0.9899,6667.1
"822",2019-02-04,7382,1894,22000,0.9579,22965.8
"823",2019-02-11,7382,1894,15400,0.8782,17535.1
"824",2019-02-18,7382,1894,18700,0.8906,20997.9
"825",2019-02-25,7382,1894,7700,0.8257,9325.8
"826",2019-03-01,7382,1894,7700,0.8966,8587.7
"827",2019-03-04,7382,1894,17600,0.8804,19991.4
"828",2019-03-11,7382,1894,12100,0.9403,12868.9
"829",2019-03-18,7382,1894,22000,1.001,21978
"830",2019-03-25,7382,1894,27500,0.9667,28448.2
"831",2019-04-01,7382,1894,16500,0.9,18332.6
"832",2019-04-08,7382,1894,14300,0.9623,14861
"833",2019-04-15,7382,1894,18700,0.961,19459
"834",2019-04-22,7382,1894,20900,0.9075,23030.7
"835",2019-04-29,7382,1894,9900,1.2018,8237.9
"836",2019-05-01,7382,1894,18700,0.9316,20073.9
"837",2019-05-06,7382,1894,28600,1.0661,26827.9
"838",2019-05-13,7382,1894,49500,1.1145,44415.8
"839",2019-05-20,7382,1894,37400,1.1926,31359.9
"840",2019-05-27,7382,1894,8800,0.9127,9641.5
"841",2019-06-01,7382,1894,5500,0.9321,5900.4
"842",2019-06-03,7382,1894,35200,1.0363,33966.9
"843",2019-06-10,7382,1894,27500,1.0371,26515.5
"844",2019-06-17,7382,1894,20900,0.9182,22761.2
"845",2019-06-24,7382,1894,38500,1.1809,32601.8
"846",2019-07-01,7382,1894,23100,1.0459,22086.9
"847",2019-07-08,7382,1894,47300,1.111,42573.3
"848",2019-07-15,7382,1894,44000,1.1753,37437.4
"849",2019-07-22,7382,1894,48400,1.1392,42485.3
"850",2019-07-29,7382,1894,25300,1.1807,21428
"851",2019-08-01,7382,1894,37400,1.1758,31808.7
"852",2019-08-05,7382,1894,55000,1.2026,45733.6
"853",2019-08-12,7382,1894,38500,1.0436,36892.9
"854",2019-08-19,7382,1894,39600,1.0713,36963.3
"855",2019-08-26,7382,1894,37400,1.0525,35534.4
"856",2019-09-01,7382,1894,3300,0.8525,3870.9
"857",2019-09-02,7382,1894,31900,1.0551,30234.6
"858",2019-09-09,7382,1894,24200,1.0629,22767.8
"859",2019-09-16,7382,1894,15400,0.9785,15738.8
"860",2019-09-23,7382,1894,23100,1.0064,22952.6
"861",2019-09-30,7382,1894,2200,0.7522,2924.9
"862",2019-10-01,7382,1894,15400,1.0393,14817
"863",2019-10-07,7382,1894,20900,1.0421,20055.2
"864",2019-10-14,7382,1894,24200,1.0236,23641.2
"865",2019-10-21,7382,1894,20900,1.0158,20574.4
"866",2019-10-28,7382,1894,4400,0.9025,4875.2
"867",2019-11-01,7382,1894,8800,1.3063,6736.4
"868",2019-11-04,7382,1894,9900,0.9229,10727.2
"869",2019-11-11,7382,1894,14300,0.921,15526.5
"870",2019-11-18,7382,1894,20900,1.0965,19060.8
"871",2019-11-25,7382,1894,11000,1.0981,10017.7
"872",2019-12-01,7382,1894,1100,0.5757,1910.7
"873",2019-12-02,7382,1894,14300,1.0723,13336.4
"874",2019-12-09,7382,1894,15400,1.0808,14248.3
"875",2019-12-16,7382,1894,13200,1.0065,13114.2
"876",2019-12-23,7382,1894,15400,0.9933,15503.4
"877",2019-12-30,7382,1894,5500,0.8472,6492.2
"878",2019-01-07,7338,1881,3300,0.8308,3972.1
"879",2019-01-21,7338,1881,9900,56.6038,174.9
"880",2019-04-22,7338,1881,9900,56.6038,174.9
"881",2019-04-29,7338,1881,9900,84.1121,117.7
"882",2019-06-17,7338,1881,1100,0.7452,1476.2
"883",2019-07-01,7338,1881,1100,0.7968,1380.5
"884",2019-07-08,7338,1881,2200,0.811,2712.6
"885",2019-07-15,7338,1881,2200,0.998,2204.4
"886",2019-01-01,7395,1881,23100,1.004,23008.7
"887",2019-01-07,7395,1881,24200,1.0088,23988.8
"888",2019-01-14,7395,1881,6600,0.7941,8311.6
"889",2019-01-21,7395,1881,1100,0.6154,1787.5
"890",2019-02-04,7395,1881,1100,0.4655,2362.8
"891",2019-02-25,7395,1881,9900,60.4027,163.9
"892",2019-03-25,7395,1881,1100,0.4617,2382.6
"893",2019-04-01,7395,1881,2200,0.502,4382.4
"894",2019-04-15,7395,1881,1100,0.4337,2536.6
"895",2019-05-01,7395,1881,1100,0.49,2245.1
"896",2019-05-06,7395,1881,1100,0.5277,2084.5
"897",2019-07-29,7338,1881,4400,57.971,75.9
"898",2019-08-01,7338,1881,2200,0.9515,2312.2
"899",2019-08-05,7338,1881,1100,0.6826,1611.5
"900",2019-08-12,7338,1881,1100,0.7502,1466.3
"901",2019-08-19,7338,1881,3300,0.8584,3844.5
"902",2019-08-26,7338,1881,2200,0.9083,2422.2
"903",2019-09-16,7338,1881,1100,0.771,1426.7
"904",2019-09-23,7338,1881,1100,0.7158,1536.7
"905",2019-09-30,7338,1881,4400,81.6327,53.9
"906",2019-11-04,7338,1881,1100,0.9728,1130.8
"907",2019-11-25,7338,1881,9900,60.4027,163.9
"908",2019-12-02,7338,1881,1100,0.996,1104.4
"909",2019-12-30,7338,1881,9900,101.1236,97.9
"910",2019-01-01,7389,1881,6600,0.8885,7428.3
"911",2019-01-01,7382,1881,6600,1.0154,6499.9
"912",2019-01-07,7382,1881,12100,1.0198,11864.6
"913",2019-01-14,7382,1881,2200,0.6266,3511.2
"914",2019-01-21,7382,1881,1100,0.6154,1787.5
"915",2019-02-01,7382,1881,9900,61.2245,161.7
"916",2019-02-25,7382,1881,9900,60.4027,163.9
"917",2019-04-01,7382,1881,1100,0.6506,1690.7
"918",2019-04-08,7382,1881,1100,0.5504,1998.7
"919",2019-04-15,7382,1881,1100,0.6817,1613.7
"920",2019-04-22,7382,1881,1100,0.6223,1767.7
"921",2019-04-29,7382,1881,2200,0.8104,2714.8
"922",2019-05-01,7382,1881,1100,0.3708,2966.7
"923",2019-05-06,7382,1881,1100,0.6238,1763.3
"924",2019-05-20,7382,1881,1100,0.6481,1697.3
"925",2019-06-10,7382,1881,8800,0.9922,8869.3
"926",2019-06-17,7382,1881,9900,1.0688,9263.1
"927",2019-06-24,7382,1881,5500,0.9667,5689.2
"928",2019-07-01,7382,1881,1100,0.3765,2921.6
"929",2019-07-08,7382,1881,7700,0.8813,8737.3
"930",2019-07-15,7382,1881,16500,0.9866,16724.4
"931",2019-05-13,7395,1881,1100,0.4036,2725.8
"932",2019-05-20,7395,1881,1100,0.4805,2289.1
"933",2019-05-27,7395,1881,2200,0.5277,4169
"934",2019-06-10,7395,1881,33000,1.106,29837.5
"935",2019-06-17,7395,1881,12100,1.0514,11508.2
"936",2019-06-24,7395,1881,7700,0.9381,8208.2
"937",2019-07-01,7395,1881,1100,0.6223,1767.7
"938",2019-07-08,7395,1881,30800,0.9894,31131.1
"939",2019-07-15,7395,1881,11000,0.9078,12117.6
"940",2019-07-29,7395,1881,2200,0.8905,2470.6
"941",2019-08-01,7395,1881,14300,0.9703,14737.8
"942",2019-08-05,7395,1881,9900,0.8685,11399.3
"943",2019-08-12,7395,1881,1100,0.5081,2164.8
"944",2019-08-19,7395,1881,46200,1.0026,46082.3
"945",2019-08-26,7395,1881,12100,0.9729,12436.6
"946",2019-09-01,7395,1881,4400,55.5556,79.2
"947",2019-09-09,7395,1881,8800,0.9183,9583.2
"948",2019-09-16,7395,1881,4400,0.8032,5478
"949",2019-09-23,7395,1881,1100,0.6223,1767.7
"950",2019-09-30,7395,1881,9900,64.7482,152.9
"951",2019-10-07,7395,1881,2200,0.735,2993.1
"952",2019-10-14,7395,1881,1100,0.7825,1405.8
"953",2019-10-21,7395,1881,2200,0.534,4119.5
"954",2019-10-28,7395,1881,1100,0.5565,1976.7
"955",2019-11-04,7395,1881,7700,0.9353,8232.4
"956",2019-11-11,7395,1881,1100,0.6109,1800.7
"957",2019-12-02,7395,1881,6600,0.9865,6690.2
"958",2019-12-09,7395,1881,13200,1.0147,13008.6
"959",2019-12-16,7395,1881,12100,0.9909,12211.1
"960",2019-12-23,7395,1881,22000,1.0394,21165.1
"961",2019-12-30,7395,1881,13200,1.0586,12469.6
"962",2019-01-07,7389,1881,16500,0.9872,16714.5
"963",2019-01-14,7389,1881,1100,0.6716,1637.9
"964",2019-02-25,7389,1881,9900,64.7482,152.9
"965",2019-03-04,7389,1881,1100,0.4472,2459.6
"966",2019-03-25,7389,1881,1100,0.4897,2246.2
"967",2019-04-08,7389,1881,1100,0.6072,1811.7
"968",2019-04-15,7389,1881,1100,0.5838,1884.3
"969",2019-04-22,7389,1881,1100,0.6072,1811.7
"970",2019-04-29,7389,1881,1100,0.641,1716
"971",2019-05-13,7389,1881,1100,0.6502,1691.8
"972",2019-05-20,7389,1881,1100,0.8606,1278.2
"973",2019-06-03,7389,1881,1100,0.3647,3016.2
"974",2019-06-10,7389,1881,9900,1.0816,9153.1
"975",2019-06-17,7389,1881,1100,0.4798,2292.4
"976",2019-06-24,7389,1881,3300,0.7439,4436.3
"977",2019-07-08,7389,1881,3300,0.8881,3715.8
"978",2019-07-15,7389,1881,13200,0.9935,13285.8
"979",2019-07-22,7389,1881,3300,0.7114,4638.7
"980",2019-07-29,7389,1881,1100,0.774,1421.2
"981",2019-08-01,7389,1881,5500,0.9468,5809.1
"982",2019-08-05,7389,1881,4400,0.8087,5440.6
"983",2019-08-12,7389,1881,1100,0.5621,1956.9
"984",2019-08-19,7389,1881,8800,1.0143,8675.7
"985",2019-08-26,7389,1881,2200,1.0204,2156
"986",2019-07-22,7382,1881,1100,0.4472,2459.6
"987",2019-07-29,7382,1881,1100,0.8137,1351.9
"988",2019-08-01,7382,1881,7700,0.8783,8767
"989",2019-08-05,7382,1881,5500,0.815,6748.5
"990",2019-08-12,7382,1881,2200,0.4616,4766.3
"991",2019-08-19,7382,1881,23100,0.985,23450.9
"992",2019-08-26,7382,1881,4400,0.8112,5424.1
"993",2019-09-02,7382,1881,1100,0.6382,1723.7
"994",2019-09-09,7382,1881,4400,0.8306,5297.6
"995",2019-09-16,7382,1881,3300,0.8663,3809.3
"996",2019-09-23,7382,1881,1100,0.3682,2987.6
"997",2019-10-01,7382,1881,1100,0.3776,2912.8
"998",2019-10-07,7382,1881,1100,0.4785,2299
"999",2019-10-14,7382,1881,3300,0.8067,4090.9
"1000",2019-10-21,7382,1881,2200,0.7686,2862.2
"1001",2019-11-04,7382,1881,4400,0.8675,5072.1
"1002",2019-11-11,7382,1881,1100,0.5562,1977.8
"1003",2019-11-18,7382,1881,1100,0.4623,2379.3
"1004",2019-12-01,7382,1881,9900,64.2857,154
"1005",2019-12-02,7382,1881,1100,0.6349,1732.5
"1006",2019-12-09,7382,1881,3300,0.8963,3681.7
"1007",2019-12-16,7382,1881,2200,0.9005,2443.1
"1008",2019-12-23,7382,1881,4400,0.8957,4912.6
"1009",2019-12-30,7382,1881,2200,1.0163,2164.8
"1010",2019-01-01,7475,1894,8800,0.862,10209.1
"1011",2019-01-07,7475,1894,12100,0.8714,13886.4
"1012",2019-01-14,7475,1894,14300,0.8832,16192
"1013",2019-01-21,7475,1894,13200,0.8589,15368.1
"1014",2019-01-28,7475,1894,5500,0.9029,6091.8
"1015",2019-02-01,7475,1894,7700,0.9565,8049.8
"1016",2019-02-04,7475,1894,18700,0.9513,19657
"1017",2019-02-11,7475,1894,8800,0.8635,10191.5
"1018",2019-02-18,7475,1894,6600,0.7808,8452.4
"1019",2019-02-25,7475,1894,3300,0.8017,4116.2
"1020",2019-03-01,7475,1894,3300,0.7333,4500.1
"1021",2019-03-04,7475,1894,11000,0.835,13173.6
"1022",2019-03-11,7475,1894,14300,0.9111,15695.9
"1023",2019-03-18,7475,1894,9900,0.9195,10766.8
"1024",2019-03-25,7475,1894,6600,0.826,7990.4
"1025",2019-04-01,7475,1894,6600,0.818,8068.5
"1026",2019-04-08,7475,1894,9900,0.9176,10788.8
"1027",2019-04-15,7475,1894,15400,0.9805,15705.8
"1028",2019-04-22,7475,1894,17600,0.9076,19390.8
"1029",2019-04-29,7475,1894,7700,1.2176,6323.9
"1030",2019-05-01,7475,1894,7700,0.8301,9276.3
"1031",2019-05-06,7475,1894,38500,1.1069,34783.1
"1032",2019-05-13,7475,1894,36300,1.0999,33004.4
"1033",2019-05-20,7475,1894,14300,1.196,11957
"1034",2019-05-27,7475,1894,3300,0.7808,4226.2
"1035",2019-06-01,7475,1894,1100,0.6468,1700.6
"1036",2019-06-03,7475,1894,23100,1.0344,22332.2
"1037",2019-06-10,7475,1894,6600,0.8603,7671.4
"1038",2019-06-17,7475,1894,8800,0.862,10209.1
"1039",2019-06-24,7475,1894,28600,1.134,25220.8
"1040",2019-07-01,7475,1894,19800,1.0956,18071.9
"1041",2019-07-08,7475,1894,19800,1.0845,18257.8
"1042",2019-07-15,7475,1894,35200,1.1017,31951.7
"1043",2019-07-22,7475,1894,64900,1.164,55756.8
"1044",2019-07-29,7475,1894,27500,1.1492,23929.4
"1045",2019-08-01,7475,1894,31900,1.1441,27882.8
"1046",2019-08-05,7475,1894,29700,0.8755,33921.8
"1047",2019-08-12,7475,1894,47300,1.0411,45433.3
"1048",2019-08-19,7475,1894,49500,0.9624,51431.6
"1049",2019-08-26,7475,1894,9900,0.8885,11141.9
"1050",2019-09-01,7475,1894,2200,0.6911,3183.4
"1051",2019-09-02,7475,1894,15400,1.0262,15006.2
"1052",2019-09-09,7475,1894,26400,1.0377,25440.8
"1053",2019-09-16,7475,1894,22000,1.0332,21292.7
"1054",2019-09-23,7475,1894,23100,1.0522,21954.9
"1055",2019-09-30,7475,1894,7700,0.983,7833.1
"1056",2019-10-01,7475,1894,27500,1.0444,26331.8
"1057",2019-10-07,7475,1894,17600,0.9516,18495.4
"1058",2019-10-14,7475,1894,25300,0.8968,28212.8
"1059",2019-10-21,7475,1894,22000,0.9921,22174.9
"1060",2019-10-28,7475,1894,9900,0.9843,10058.4
"1061",2019-11-01,7475,1894,9900,1.3524,7320.5
"1062",2019-11-04,7475,1894,13200,0.9159,14412.2
"1063",2019-11-11,7475,1894,7700,0.8152,9445.7
"1064",2019-11-18,7475,1894,12100,1.033,11713.9
"1065",2019-11-25,7475,1894,5500,0.8672,6342.6
"1066",2019-12-02,7475,1894,5500,0.9069,6064.3
"1067",2019-12-09,7475,1894,6600,0.9207,7168.7
"1068",2019-12-16,7475,1894,11000,0.9582,11479.6
"1069",2019-12-23,7475,1894,15400,0.9894,15565
"1070",2019-12-30,7475,1894,3300,0.847,3896.2
"1071",2019-09-02,7389,1881,4400,0.6846,6427.3
"1072",2019-09-09,7389,1881,2200,0.7713,2852.3
"1073",2019-09-16,7389,1881,1100,0.504,2182.4
"1074",2019-09-30,7389,1881,4400,63.4921,69.3
"1075",2019-10-01,7389,1881,1100,0.6262,1756.7
"1076",2019-10-07,7389,1881,1100,0.8613,1277.1
"1077",2019-11-04,7389,1881,3300,1.001,3296.7
"1078",2019-11-11,7389,1881,1100,0.7994,1376.1
"1079",2019-11-18,7389,1881,9900,64.7482,152.9
"1080",2019-12-01,7389,1881,9900,64.7482,152.9
"1081",2019-12-02,7389,1881,2200,0.6998,3143.8
"1082",2019-12-09,7389,1881,3300,1.0508,3140.5
"1083",2019-12-16,7389,1881,3300,0.8816,3743.3
"1084",2019-12-23,7389,1881,6600,1.0471,6303
"1085",2019-12-30,7389,1881,3300,0.811,4068.9
"1086",2019-01-01,7475,1881,9900,0.9361,10575.4
"1087",2019-01-07,7475,1881,9900,0.9791,10111.2
"1088",2019-01-14,7475,1881,2200,0.6944,3168
"1089",2019-02-25,7475,1881,9900,58.8235,168.3
"1090",2019-03-01,7475,1881,9900,58.8235,168.3
"1091",2019-04-08,7475,1881,2200,0.5277,4169
"1092",2019-04-29,7475,1881,1100,0.6882,1598.3
"1093",2019-05-01,7475,1881,1100,0.3514,3130.6
"1094",2019-05-06,7475,1881,1100,0.4174,2635.6
"1095",2019-05-13,7475,1881,3300,0.5642,5848.7
"1096",2019-05-20,7475,1881,2200,0.5814,3784
"1097",2019-05-27,7475,1881,1100,0.4047,2718.1
"1098",2019-06-01,7475,1881,4400,54.0541,81.4
"1099",2019-06-03,7475,1881,1100,0.4047,2718.1
"1100",2019-06-10,7475,1881,9900,0.987,10030.9
"1101",2019-06-17,7475,1881,5500,1.105,4977.5
"1102",2019-06-24,7475,1881,5500,0.9497,5791.5
"1103",2019-07-01,7475,1881,2200,0.5599,3929.2
"1104",2019-07-08,7475,1881,18700,0.9699,19280.8
"1105",2019-07-15,7475,1881,17600,0.9747,18056.5
"1106",2019-07-22,7475,1881,5500,0.9191,5984
"1107",2019-07-29,7475,1881,2200,0.9276,2371.6
"1108",2019-08-01,7475,1881,7700,0.9543,8068.5
"1109",2019-08-05,7475,1881,19800,0.9536,20762.5
"1110",2019-08-12,7475,1881,5500,0.8593,6400.9
"1111",2019-08-19,7475,1881,15400,1.0561,14581.6
"1112",2019-08-26,7475,1881,4400,0.9602,4582.6
"1113",2019-09-01,7475,1881,4400,55.5556,79.2
"1114",2019-09-09,7475,1881,6600,0.8923,7396.4
"1115",2019-09-16,7475,1881,11000,0.9109,12075.8
"1116",2019-09-23,7475,1881,3300,0.9396,3512.3
"1117",2019-10-01,7475,1881,6600,0.8409,7848.5
"1118",2019-10-07,7475,1881,6600,0.8123,8124.6
"1119",2019-10-14,7475,1881,4400,0.7277,6046.7
"1120",2019-10-21,7475,1881,2200,0.5237,4200.9
"1121",2019-11-04,7475,1881,5500,0.9518,5778.3
"1122",2019-11-11,7475,1881,2200,0.5862,3753.2
"1123",2019-11-18,7475,1881,1100,0.5473,2009.7
"1124",2019-12-02,7475,1881,4400,0.9313,4724.5
"1125",2019-12-09,7475,1881,6600,1.0556,6252.4
"1126",2019-12-16,7475,1881,1100,0.7194,1529
"1127",2019-12-23,7475,1881,8800,0.9857,8927.6
"1128",2019-12-30,7475,1881,3300,0.8769,3763.1
"1129",2019-03-18,9290,1239,8800,67.2269,130.9
"1130",2019-05-01,9290,1239,1100,0.6944,1584
"1131",2019-05-13,9290,1239,1100,0.5423,2028.4
"1132",2019-05-27,9290,1239,1100,0.6203,1773.2
"1133",2019-06-03,9290,1239,1100,0.499,2204.4
"1134",2019-06-17,9290,1239,2200,0.834,2637.8
"1135",2019-07-15,9290,1239,1100,0.6112,1799.6
"1136",2019-07-22,9290,1239,1100,0.5963,1844.7
"1137",2019-09-16,9290,1239,4400,63.4921,69.3
"1138",2019-09-23,9290,1239,4400,85.1064,51.7
"1139",2019-10-28,9290,1239,8800,84.2105,104.5
"1140",2019-01-01,9290,1894,1100,0.6698,1642.3
"1141",2019-01-28,9290,1894,8800,89.8876,97.9
"1142",2019-03-04,9290,1894,1100,0.8718,1261.7
"1143",2019-03-11,9290,1894,2200,0.9281,2370.5
"1144",2019-03-18,9290,1894,2200,0.8117,2710.4
"1145",2019-03-25,9290,1894,1100,0.6075,1810.6
"1146",2019-04-01,9290,1894,1100,0.501,2195.6
"1147",2019-04-08,9290,1894,1100,0.5879,1871.1
"1148",2019-04-15,9290,1894,3300,0.7985,4132.7
"1149",2019-04-22,9290,1894,2200,0.7289,3018.4
"1150",2019-05-01,9290,1894,2200,0.7564,2908.4
"1151",2019-05-06,9290,1894,4400,0.9595,4585.9
"1152",2019-05-13,9290,1894,3300,0.7934,4159.1
"1153",2019-05-20,9290,1894,2200,0.6572,3347.3
"1154",2019-05-27,9290,1894,3300,0.8926,3697.1
"1155",2019-06-01,9290,1894,1100,0.5274,2085.6
"1156",2019-06-03,9290,1894,7700,1.0553,7296.3
"1157",2019-06-10,9290,1894,1100,0.7651,1437.7
"1158",2019-06-17,9290,1894,1100,0.668,1646.7
"1159",2019-06-24,9290,1894,1100,0.4773,2304.5
"1160",2019-07-01,9290,1894,6600,0.9926,6649.5
"1161",2019-07-08,9290,1894,1100,0.5924,1856.8
"1162",2019-07-15,9290,1894,2200,0.703,3129.5
"1163",2019-07-22,9290,1894,5500,1.0054,5470.3
"1164",2019-08-01,9290,1894,1100,0.641,1716
"1165",2019-08-05,9290,1894,1100,0.8071,1362.9
"1166",2019-08-12,9290,1894,2200,0.7432,2960.1
"1167",2019-08-19,9290,1894,1100,0.6527,1685.2
"1168",2019-08-26,9290,1894,2200,0.9474,2322.1
"1169",2019-09-02,9290,1894,1100,1.0384,1059.3
"1170",2019-09-09,9290,1894,1100,0.5774,1905.2
"1171",2019-09-16,9290,1894,1100,0.6227,1766.6
"1172",2019-09-23,9290,1894,3300,0.9009,3663
"1173",2019-10-01,9290,1894,1100,0.5643,1949.2
"1174",2019-10-07,9290,1894,1100,0.5447,2019.6
"1175",2019-10-21,9290,1894,3300,0.9419,3503.5
"1176",2019-10-28,9290,1894,1100,0.819,1343.1
"1177",2019-11-11,9290,1894,1100,0.6925,1588.4
"1178",2019-11-18,9290,1894,1100,0.7536,1459.7
"1179",2019-11-25,9290,1894,1100,0.5631,1953.6
"1180",2019-12-02,9290,1894,1100,0.8718,1261.7
"1181",2019-01-01,9290,1881,1100,0.6667,1650
"1182",2019-01-28,9290,1881,9900,90.9091,108.9
"1183",2019-02-11,9290,1881,9900,56.6038,174.9
"1184",2019-02-18,9290,1881,4400,57.971,75.9
"1185",2019-03-04,9290,1881,4400,57.971,75.9
"1186",2019-03-18,9290,1881,4400,57.971,75.9
"1187",2019-05-01,9290,1881,4400,54.0541,81.4
"1188",2019-05-13,9290,1881,2200,0.6369,3454
"1189",2019-07-01,9290,1881,4400,50.6329,86.9
"1190",2019-08-05,9290,1881,4400,83.3333,52.8
"1191",2019-08-19,9290,1881,2200,0.746,2949.1
"1192",2019-09-02,9290,1881,4400,50.6329,86.9
"1193",2019-09-16,9290,1881,9900,73.1707,135.3
"1194",2019-09-23,9290,1881,4400,54.7945,80.3
"1195",2019-11-11,9290,1881,4400,86.9565,50.6
"1196",2019-01-01,9862,1239,1100,0.5552,1981.1
"1197",2019-01-07,9862,1239,4400,1.0843,4057.9
"1198",2019-01-14,9862,1239,3300,0.8818,3742.2
"1199",2019-01-21,9862,1239,3300,0.8608,3833.5
"1200",2019-01-28,9862,1239,1100,0.7874,1397
"1201",2019-02-01,9862,1239,1100,0.9381,1172.6
"1202",2019-02-04,9862,1239,2200,0.8084,2721.4
"1203",2019-02-11,9862,1239,4400,0.9031,4871.9
"1204",2019-02-18,9862,1239,4400,1.039,4235
"1205",2019-02-25,9862,1239,1100,0.8703,1263.9
"1206",2019-03-01,9862,1239,1100,0.8496,1294.7
"1207",2019-03-04,9862,1239,4400,0.999,4404.4
"1208",2019-03-11,9862,1239,2200,0.9704,2267.1
"1209",2019-03-18,9862,1239,3300,0.9452,3491.4
"1210",2019-03-25,9862,1239,3300,1.0989,3003
"1211",2019-04-01,9862,1239,4400,0.9485,4638.7
"1212",2019-04-08,9862,1239,3300,0.8004,4122.8
"1213",2019-04-15,9862,1239,5500,1.048,5248.1
"1214",2019-04-22,9862,1239,8800,1.0551,8340.2
"1215",2019-04-29,9862,1239,1100,0.5727,1920.6
"1216",2019-05-01,9862,1239,3300,0.8285,3983.1
"1217",2019-05-06,9862,1239,6600,0.9207,7168.7
"1218",2019-05-13,9862,1239,5500,1.0389,5294.3
"1219",2019-05-20,9862,1239,4400,0.9447,4657.4
"1220",2019-05-27,9862,1239,3300,0.8878,3716.9
"1221",2019-06-01,9862,1239,2200,1.0667,2062.5
"1222",2019-06-03,9862,1239,6600,0.9077,7271
"1223",2019-06-10,9862,1239,11000,0.9228,11920.7
"1224",2019-06-17,9862,1239,23100,1.1345,20362.1
"1225",2019-06-24,9862,1239,5500,0.985,5583.6
"1226",2019-07-01,9862,1239,4400,0.7941,5540.7
"1227",2019-07-08,9862,1239,3300,0.7389,4466
"1228",2019-07-15,9862,1239,7700,0.9622,8002.5
"1229",2019-07-22,9862,1239,2200,0.845,2603.7
"1230",2019-07-29,9862,1239,1100,0.5405,2035
"1231",2019-08-01,9862,1239,2200,0.6177,3561.8
"1232",2019-08-05,9862,1239,6600,0.8549,7719.8
"1233",2019-08-12,9862,1239,7700,0.9512,8094.9
"1234",2019-08-19,9862,1239,9900,1.0147,9757
"1235",2019-08-26,9862,1239,3300,1.0094,3269.2
"1236",2019-01-01,9882,1239,1100,0.6553,1678.6
"1237",2019-01-07,9882,1239,6600,0.9217,7161
"1238",2019-01-14,9882,1239,1100,0.4912,2239.6
"1239",2019-01-28,9882,1239,8800,67.2269,130.9
"1240",2019-02-18,9882,1239,1100,0.4638,2371.6
"1241",2019-02-25,9882,1239,1100,0.8217,1338.7
"1242",2019-03-04,9882,1239,1100,0.489,2249.5
"1243",2019-03-11,9882,1239,2200,0.8386,2623.5
"1244",2019-03-18,9882,1239,2200,0.726,3030.5
"1245",2019-03-25,9882,1239,3300,0.9731,3391.3
"1246",2019-04-01,9882,1239,4400,0.8822,4987.4
"1247",2019-04-08,9882,1239,3300,0.7669,4303.2
"1248",2019-04-15,9882,1239,1100,0.4836,2274.8
"1249",2019-04-22,9882,1239,1100,0.4474,2458.5
"1250",2019-09-02,9862,1239,2200,0.7087,3104.2
"1251",2019-09-09,9862,1239,1100,0.4423,2487.1
"1252",2019-09-16,9862,1239,2200,0.5986,3675.1
"1253",2019-09-23,9862,1239,2200,0.7273,3025
"1254",2019-09-30,9862,1239,2200,0.8306,2648.8
"1255",2019-10-01,9862,1239,2200,0.8795,2501.4
"1256",2019-10-07,9862,1239,2200,0.712,3089.9
"1257",2019-10-14,9862,1239,3300,0.7913,4170.1
"1258",2019-10-21,9862,1239,2200,0.7556,2911.7
"1259",2019-11-04,9862,1239,1100,0.6826,1611.5
"1260",2019-11-11,9862,1239,1100,0.7257,1515.8
"1261",2019-11-18,9862,1239,1100,0.6739,1632.4
"1262",2019-12-01,9862,1239,8800,75.4717,116.6
"1263",2019-12-02,9862,1239,2200,0.7862,2798.4
"1264",2019-12-09,9862,1239,1100,0.7257,1515.8
"1265",2019-12-16,9862,1239,1100,0.5258,2092.2
"1266",2019-12-23,9862,1239,1100,0.42,2619.1
"1267",2019-12-30,9862,1239,2200,0.7388,2977.7
"1268",2019-05-01,9882,1239,2200,0.7779,2828.1
"1269",2019-05-06,9882,1239,2200,0.5867,3749.9
"1270",2019-05-13,9882,1239,2200,0.5963,3689.4
"1271",2019-05-20,9882,1239,2200,0.7952,2766.5
"1272",2019-05-27,9882,1239,14300,1.1166,12807.3
"1273",2019-06-01,9882,1239,1100,0.7163,1535.6
"1274",2019-06-03,9882,1239,4400,0.8229,5347.1
"1275",2019-06-10,9882,1239,2200,0.5505,3996.3
"1276",2019-06-17,9882,1239,11000,1.061,10367.5
"1277",2019-06-24,9882,1239,7700,1.0495,7337
"1278",2019-07-01,9882,1239,2200,0.735,2993.1
"1279",2019-07-08,9882,1239,1100,0.5236,2101
"1280",2019-07-15,9882,1239,8800,0.9984,8814.3
"1281",2019-07-22,9882,1239,5500,0.9163,6002.7
"1282",2019-07-29,9882,1239,1100,0.7199,1527.9
"1283",2019-08-05,9882,1239,3300,0.838,3938
"1284",2019-08-12,9882,1239,2200,0.8173,2691.7
"1285",2019-08-19,9882,1239,3300,0.835,3952.3
"1286",2019-08-26,9882,1239,1100,0.523,2103.2
"1287",2019-09-01,9882,1239,8800,69.5652,126.5
"1288",2019-09-02,9882,1239,1100,0.54,2037.2
"1289",2019-09-09,9882,1239,1100,0.5236,2101
"1290",2019-09-23,9882,1239,1100,0.4585,2399.1
"1291",2019-10-21,9882,1239,1100,0.5747,1914
"1292",2019-10-28,9882,1239,8800,83.3333,105.6
"1293",2019-01-28,10036,1239,4400,67.7966,64.9
"1294",2019-02-04,10036,1239,8800,67.2269,130.9
"1295",2019-02-11,10036,1239,8800,67.2269,130.9
"1296",2019-03-01,10036,1239,8800,80.8081,108.9
"1297",2019-04-08,10036,1239,8800,66.1157,133.1
"1298",2019-05-06,10036,1239,1100,0.504,2182.4
"1299",2019-06-17,10036,1239,1100,0.8953,1228.7
"1300",2019-07-22,10036,1239,1100,0.7057,1558.7
"1301",2019-08-19,10036,1239,1100,0.5033,2185.7
"1302",2019-09-01,10036,1239,8800,67.2269,130.9
"1303",2019-11-01,10036,1239,4400,85.1064,51.7
"1304",2019-01-01,9882,1881,4400,0.8282,5313
"1305",2019-01-07,9882,1881,12100,1.0067,12019.7
"1306",2019-01-28,9882,1881,9900,74.3802,133.1
"1307",2019-01-01,9862,1881,2200,0.7755,2836.9
"1308",2019-01-07,9862,1881,5500,0.9353,5880.6
"1309",2019-01-14,9862,1881,3300,0.8557,3856.6
"1310",2019-01-21,9862,1881,2200,0.7997,2751.1
"1311",2019-01-28,9862,1881,1100,0.6116,1798.5
"1312",2019-02-01,9862,1881,1100,0.5621,1956.9
"1313",2019-02-04,9862,1881,3300,0.7752,4257
"1314",2019-02-11,9862,1881,2200,0.8965,2454.1
"1315",2019-02-18,9862,1881,1100,0.7364,1493.8
"1316",2019-02-25,9862,1881,1100,0.7651,1437.7
"1317",2019-03-01,9862,1881,1100,0.6398,1719.3
"1318",2019-03-04,9862,1881,2200,0.7018,3135
"1319",2019-03-11,9862,1881,2200,0.7701,2856.7
"1320",2019-03-18,9862,1881,2200,0.7468,2945.8
"1321",2019-03-25,9862,1881,2200,0.6764,3252.7
"1322",2019-04-01,9862,1881,1100,0.813,1353
"1323",2019-04-08,9862,1881,1100,0.7479,1470.7
"1324",2019-04-22,9862,1881,1100,0.7794,1411.3
"1325",2019-04-29,9862,1881,4400,75.4717,58.3
"1326",2019-05-01,9862,1881,1100,0.7479,1470.7
"1327",2019-05-06,9862,1881,3300,0.7682,4295.5
"1328",2019-05-13,9862,1881,1100,0.4673,2354
"1329",2019-05-20,9862,1881,3300,0.8212,4018.3
"1330",2019-05-27,9862,1881,3300,0.8242,4004
"1331",2019-06-01,9862,1881,1100,0.8117,1355.2
"1332",2019-06-03,9862,1881,1100,0.6158,1786.4
"1333",2019-06-10,9862,1881,8800,0.9976,8820.9
"1334",2019-06-17,9862,1881,5500,0.8597,6397.6
"1335",2019-06-24,9862,1881,1100,0.4579,2402.4
"1336",2019-07-01,9862,1881,1100,0.4638,2371.6
"1337",2019-07-08,9862,1881,3300,0.8594,3840.1
"1338",2019-07-15,9862,1881,3300,0.7736,4265.8
"1339",2019-07-29,9862,1881,1100,0.7452,1476.2
"1340",2019-08-01,9862,1881,6600,0.8642,7637.3
"1341",2019-08-05,9862,1881,2200,0.8503,2587.2
"1342",2019-08-19,9862,1881,72600,0.7753,93644.1
"1343",2019-08-26,9862,1881,16500,0.7682,21479.7
"1344",2019-09-09,9862,1881,4400,0.8439,5214
"1345",2019-09-23,9862,1881,1100,0.4826,2279.2
"1346",2019-09-30,9862,1881,9900,80.3571,123.2
"1347",2019-11-01,9862,1881,9900,73.7705,134.2
"1348",2019-11-04,9862,1881,1100,0.5814,1892
"1349",2019-11-25,9862,1881,9900,70.8661,139.7
"1350",2019-12-02,9862,1881,2200,0.7911,2780.8
"1351",2019-12-09,9862,1881,7700,0.9854,7814.4
"1352",2019-12-16,9862,1881,5500,1.0412,5282.2
"1353",2019-12-23,9862,1881,6600,0.9585,6886
"1354",2019-12-30,9862,1881,2200,0.9732,2260.5
"1355",2019-01-01,9862,1894,13200,1.1351,11629.2
"1356",2019-01-07,9862,1894,15400,1.2138,12687.4
"1357",2019-01-14,9862,1894,16500,1.2219,13503.6
"1358",2019-01-21,9862,1894,20900,1.2448,16790.4
"1359",2019-01-28,9862,1894,5500,1.0851,5068.8
"1360",2019-02-01,9862,1894,7700,1.1438,6732
"1361",2019-02-04,9862,1894,18700,1.1813,15830.1
"1362",2019-02-11,9862,1894,9900,1.2369,8003.6
"1363",2019-02-18,9862,1894,14300,1.2092,11826.1
"1364",2019-02-25,9862,1894,6600,1.0887,6062.1
"1365",2019-03-01,9862,1894,11000,1.1257,9771.3
"1366",2019-03-04,9862,1894,24200,1.1726,20637.1
"1367",2019-03-11,9862,1894,17600,1.1464,15352.7
"1368",2019-03-18,9862,1894,23100,1.2283,18806.7
"1369",2019-03-25,9862,1894,20900,1.1712,17845.3
"1370",2019-04-01,9862,1894,13200,1.1133,11856.9
"1371",2019-04-08,9862,1894,24200,1.1048,21904.3
"1372",2019-04-15,9862,1894,18700,1.112,16816.8
"1373",2019-04-22,9862,1894,20900,1.1405,18326
"1374",2019-04-29,9862,1894,2200,0.7974,2758.8
"1375",2019-05-01,9862,1894,20900,1.1299,18497.6
"1376",2019-05-06,9862,1894,31900,1.1159,28587.9
"1377",2019-05-13,9862,1894,25300,1.1438,22119.9
"1378",2019-05-20,9862,1894,15400,1.0681,14418.8
"1379",2019-05-27,9862,1894,20900,1.0878,19213.7
"1380",2019-06-01,9862,1894,3300,0.9482,3480.4
"1381",2019-06-03,9862,1894,24200,1.1104,21794.3
"1382",2019-06-10,9862,1894,30800,1.0921,28202.9
"1383",2019-06-17,9862,1894,28600,1.0579,27034.7
"1384",2019-06-24,9862,1894,11000,1.0178,10807.5
"1385",2019-07-01,9862,1894,31900,1.0889,29295.2
"1386",2019-07-08,9862,1894,27500,1.0275,26765.2
"1387",2019-07-15,9862,1894,5500,0.9557,5755.2
"1388",2019-07-22,9862,1894,18700,1.1338,16493.4
"1389",2019-07-29,9862,1894,3300,0.9141,3610.2
"1390",2019-08-01,9862,1894,5500,0.9812,5605.6
"1391",2019-08-05,9862,1894,9900,1.0395,9523.8
"1392",2019-08-12,9862,1894,12100,1.0374,11663.3
"1393",2019-08-19,9862,1894,15400,1.0481,14692.7
"1394",2019-08-26,9862,1894,6600,1.0657,6193
"1395",2019-09-01,9862,1894,3300,0.9865,3345.1
"1396",2019-09-02,9862,1894,8800,1.0779,8164.2
"1397",2019-09-09,9862,1894,7700,0.8741,8808.8
"1398",2019-09-16,9862,1894,4400,0.8373,5254.7
"1399",2019-09-23,9862,1894,5500,0.972,5658.4
"1400",2019-09-30,9862,1894,5500,0.9358,5877.3
"1401",2019-10-01,9862,1894,1100,0.5794,1898.6
"1402",2019-10-07,9862,1894,3300,1.0281,3209.8
"1403",2019-10-14,9862,1894,7700,0.9678,7956.3
"1404",2019-10-21,9862,1894,4400,1.0178,4323
"1405",2019-10-28,9862,1894,3300,1.0267,3214.2
"1406",2019-11-01,9862,1894,1100,0.7358,1494.9
"1407",2019-11-04,9862,1894,1100,0.4869,2259.4
"1408",2019-11-11,9862,1894,2200,0.8052,2732.4
"1409",2019-11-18,9862,1894,6600,1.0981,6010.4
"1410",2019-11-25,9862,1894,2200,1.0152,2167
"1411",2019-12-02,9862,1894,1100,0.5624,1955.8
"1412",2019-12-09,9862,1894,1100,0.8606,1278.2
"1413",2019-12-16,9862,1894,3300,0.806,4094.2
"1414",2019-12-23,9862,1894,4400,0.7557,5822.3
"1415",2019-12-30,9862,1894,3300,0.8496,3884.1
"1416",2019-01-01,9882,1894,78100,1.1785,66272.8
"1417",2019-01-07,9882,1894,110000,1.2048,91304.4
"1418",2019-01-14,9882,1894,125400,1.2243,102422.1
"1419",2019-01-21,9882,1894,155100,1.2264,126471.4
"1420",2019-01-28,9882,1894,22000,1.1912,18469
"1421",2019-02-01,9882,1894,35200,1.206,29188.5
"1422",2019-02-04,9882,1894,203500,1.2314,165257.4
"1423",2019-02-11,9882,1894,105600,1.2308,85800
"1424",2019-02-18,9882,1894,118800,1.2257,96922.1
"1425",2019-02-25,9882,1894,41800,1.2191,34288.1
"1426",2019-03-01,9882,1894,110000,1.2285,89543.3
"1427",2019-03-04,9882,1894,93500,1.1994,77957
"1428",2019-03-11,9882,1894,78100,1.202,64974.8
"1429",2019-03-18,9882,1894,84700,1.2177,69555.2
"1430",2019-03-25,9882,1894,83600,1.1839,70611.2
"1431",2019-04-01,9882,1894,53900,1.1567,46598.2
"1432",2019-04-08,9882,1894,95700,1.1546,82883.9
"1433",2019-04-15,9882,1894,68200,1.1354,60065.5
"1434",2019-04-22,9882,1894,59400,1.1366,52261
"1435",2019-04-29,9882,1894,27500,1.1072,24836.9
"1436",2019-05-01,9882,1894,48400,1.1281,42904.4
"1437",2019-05-06,9882,1894,67100,1.1254,59623.3
"1438",2019-05-13,9882,1894,71500,1.1135,64210.3
"1439",2019-05-20,9882,1894,47300,1.0803,43785.5
"1440",2019-05-27,9882,1894,62700,1.0852,57777.5
"1441",2019-06-01,9882,1894,40700,1.082,37614.5
"1442",2019-06-03,9882,1894,117700,1.1138,105672.6
"1443",2019-06-10,9882,1894,119900,1.1216,106899.1
"1444",2019-06-17,9882,1894,64900,1.0884,59631
"1445",2019-06-24,9882,1894,91300,1.0916,83638.5
"1446",2019-07-01,9882,1894,85800,1.1083,77418
"1447",2019-07-08,9882,1894,47300,1.0745,44018.7
"1448",2019-07-15,9882,1894,15400,0.8993,17123.7
"1449",2019-02-04,9882,1881,1100,0.7163,1535.6
"1450",2019-02-11,9882,1881,1100,0.6105,1801.8
"1451",2019-03-01,9882,1881,1100,0.7491,1468.5
"1452",2019-03-04,9882,1881,1100,0.577,1906.3
"1453",2019-03-11,9882,1881,2200,0.8439,2607
"1454",2019-03-18,9882,1881,9900,70.3125,140.8
"1455",2019-04-08,9882,1881,3300,0.6873,4801.5
"1456",2019-04-22,9882,1881,1100,0.4583,2400.2
"1457",2019-04-29,9882,1881,1100,0.6231,1765.5
"1458",2019-05-06,9882,1881,1100,0.4583,2400.2
"1459",2019-06-01,9882,1881,9900,70.3125,140.8
"1460",2019-06-10,9882,1881,34100,1.1444,29797.9
"1461",2019-06-17,9882,1881,2200,0.662,3323.1
"1462",2019-06-24,9882,1881,9900,70.3125,140.8
"1463",2019-07-08,9882,1881,8800,0.9861,8924.3
"1464",2019-07-22,9882,1881,1100,0.577,1906.3
"1465",2019-08-01,9882,1881,2200,0.9091,2420
"1466",2019-08-12,9882,1881,1100,0.4869,2259.4
"1467",2019-08-19,9882,1881,36300,1.238,29320.5
"1468",2019-08-26,9882,1881,6600,1.217,5423
"1469",2019-09-09,9882,1881,1100,0.5568,1975.6
"1470",2019-09-23,9882,1881,4400,62.5,70.4
"1471",2019-10-14,9882,1881,1100,0.6231,1765.5
"1472",2019-11-04,9882,1881,4400,0.916,4803.7
"1473",2019-11-18,9882,1881,4400,72.7273,60.5
"1474",2019-12-02,9882,1881,3300,0.8532,3867.6
"1475",2019-12-09,9882,1881,2200,0.9818,2240.7
"1476",2019-12-16,9882,1881,3300,0.9177,3595.9
"1477",2019-12-23,9882,1881,2200,0.8745,2515.7
"1478",2019-12-30,9882,1881,2200,0.7683,2863.3
"1479",2019-07-22,9882,1894,58300,1.1428,51016.9
"1480",2019-07-29,9882,1894,12100,1.0879,11122.1
"1481",2019-08-01,9882,1894,5500,0.8714,6311.8
"1482",2019-08-05,9882,1894,6600,0.8777,7519.6
"1483",2019-08-12,9882,1894,16500,1.0213,16155.7
"1484",2019-08-19,9882,1894,18700,0.9029,20710.8
"1485",2019-08-26,9882,1894,1100,0.5274,2085.6
"1486",2019-09-02,9882,1894,4400,0.7738,5685.9
"1487",2019-09-09,9882,1894,1100,0.6329,1738
"1488",2019-09-16,9882,1894,3300,0.7199,4583.7
"1489",2019-09-23,9882,1894,2200,0.7257,3031.6
"1490",2019-10-01,9882,1894,2200,0.8632,2548.7
"1491",2019-10-07,9882,1894,2200,0.9281,2370.5
"1492",2019-10-14,9882,1894,4400,0.8791,5005
"1493",2019-10-21,9882,1894,12100,0.9773,12381.6
"1494",2019-10-28,9882,1894,6600,0.8857,7451.4
"1495",2019-11-04,9882,1894,2200,0.6475,3397.9
"1496",2019-11-11,9882,1894,2200,0.771,2853.4
"1497",2019-11-18,9882,1894,15400,1.1143,13820.4
"1498",2019-11-25,9882,1894,12100,1.0462,11565.4
"1499",2019-12-16,9882,1894,4400,0.9918,4436.3
"1500",2019-12-23,9882,1894,8800,0.9494,9268.6
"1501",2019-12-30,9882,1894,3300,0.8336,3958.9
"1502",2019-01-14,10036,1881,1100,0.6911,1591.7
"1503",2019-01-21,10036,1881,1100,0.8718,1261.7
"1504",2019-01-28,10036,1881,4400,81.6327,53.9
"1505",2019-02-01,10036,1881,1100,0.9551,1151.7
"1506",2019-02-04,10036,1881,1100,0.6266,1755.6
"1507",2019-04-22,10036,1881,4400,81.6327,53.9
"1508",2019-05-13,10036,1881,1100,0.4857,2264.9
"1509",2019-05-27,10036,1881,4400,71.4286,61.6
"1510",2019-06-10,10036,1881,2200,0.7852,2801.7
"1511",2019-06-17,10036,1881,1100,0.6993,1573
"1512",2019-07-22,10036,1881,4400,57.971,75.9
"1513",2019-08-05,10036,1881,4400,83.3333,52.8
"1514",2019-08-26,10036,1881,1100,0.995,1105.5
"1515",2019-09-02,10036,1881,4400,57.971,75.9
"1516",2019-12-09,10036,1881,1100,1,1100
"1517",2019-12-16,10036,1881,1100,0.7435,1479.5
"1518",2019-01-07,10036,1894,1100,0.7138,1541.1
"1519",2019-02-04,10036,1894,1100,0.7968,1380.5
"1520",2019-03-04,10036,1894,1100,0.771,1426.7
"1521",2019-03-11,10036,1894,2200,0.8407,2616.9
"1522",2019-04-08,10036,1894,1100,0.7391,1488.3
"1523",2019-04-29,10036,1894,4400,81.6327,53.9
"1524",2019-05-01,10036,1894,1100,0.6266,1755.6
"1525",2019-05-06,10036,1894,6600,1.1202,5891.6
"1526",2019-05-13,10036,1894,1100,0.6821,1612.6
"1527",2019-06-01,10036,1894,4400,81.6327,53.9
"1528",2019-06-03,10036,1894,4400,0.9595,4585.9
"1529",2019-06-10,10036,1894,2200,0.7567,2907.3
"1530",2019-06-17,10036,1894,1100,0.7158,1536.7
"1531",2019-06-24,10036,1894,1100,0.8019,1371.7
"1532",2019-07-01,10036,1894,4400,1.0959,4015
"1533",2019-07-08,10036,1894,2200,0.9403,2339.7
"1534",2019-07-15,10036,1894,1100,0.9276,1185.8
"1535",2019-07-22,10036,1894,3300,0.8691,3797.2
"1536",2019-08-05,10036,1894,1100,0.5924,1856.8
"1537",2019-08-12,10036,1894,2200,0.7955,2765.4
"1538",2019-08-19,10036,1894,1100,0.6277,1752.3
"1539",2019-08-26,10036,1894,1100,0.6094,1805.1
"1540",2019-09-02,10036,1894,2200,0.7345,2995.3
"1541",2019-09-09,10036,1894,1100,0.7205,1526.8
"1542",2019-09-23,10036,1894,1100,0.7962,1381.6
"1543",2019-09-30,10036,1894,4400,95.2381,46.2
"1544",2019-10-01,10036,1894,1100,0.5602,1963.5
"1545",2019-10-07,10036,1894,1100,0.5203,2114.2
"1546",2019-10-14,10036,1894,1100,0.771,1426.7
"1547",2019-10-21,10036,1894,1100,0.5907,1862.3
"1548",2019-11-18,10036,1894,2200,1.1031,1994.3
"1549",2019-12-02,10036,1894,1100,0.6024,1826
"1550",2019-01-01,11064,1239,4400,1.0971,4010.6
"1551",2019-01-07,11064,1239,6600,0.9503,6945.4
"1552",2019-01-14,11064,1239,5500,1.0335,5321.8
"1553",2019-01-21,11064,1239,18700,1.0632,17589
"1554",2019-01-28,11064,1239,3300,0.9756,3382.5
"1555",2019-02-01,11064,1239,4400,1.0058,4374.7
"1556",2019-02-04,11064,1239,8800,1.0662,8253.3
"1557",2019-02-11,11064,1239,6600,1.0208,6465.8
"1558",2019-02-18,11064,1239,8800,1.0279,8561.3
"1559",2019-02-25,11064,1239,5500,0.9566,5749.7
"1560",2019-03-01,11064,1239,4400,0.884,4977.5
"1561",2019-03-04,11064,1239,11000,1.0608,10369.7
"1562",2019-03-11,11064,1239,11000,1.0113,10876.8
"1563",2019-03-18,11064,1239,5500,0.9471,5806.9
"1564",2019-03-25,11064,1239,3300,0.8413,3922.6
"1565",2019-04-01,11064,1239,11000,0.9905,11105.6
"1566",2019-04-08,11064,1239,11000,1.0076,10917.5
"1567",2019-04-15,11064,1239,9900,1.0563,9372
"1568",2019-04-22,11064,1239,7700,1.0536,7308.4
"1569",2019-04-29,11064,1239,2200,0.9945,2212.1
"1570",2019-05-01,11064,1239,6600,0.9742,6774.9
"1571",2019-05-06,11064,1239,14300,1.0063,14209.8
"1572",2019-05-13,11064,1239,12100,0.9728,12437.7
"1573",2019-05-20,11064,1239,3300,0.6972,4733.3
"1574",2019-05-27,11064,1239,6600,0.8703,7583.4
"1575",2019-06-01,11064,1239,1100,0.7052,1559.8
"1576",2019-06-03,11064,1239,11000,0.9579,11482.9
"1577",2019-06-10,11064,1239,17600,1.1066,15904.9
"1578",2019-06-17,11064,1239,104500,1.3397,78005.4
"1579",2019-06-24,11064,1239,17600,1.3237,13295.7
"1580",2019-07-01,11064,1239,11000,0.9265,11872.3
"1581",2019-07-08,11064,1239,6600,0.908,7268.8
"1582",2019-07-22,11064,1239,1100,0.4726,2327.6
"1583",2019-07-29,11064,1239,1100,0.8224,1337.6
"1584",2019-08-01,11064,1239,4400,0.7716,5702.4
"1585",2019-08-05,11064,1239,2200,0.5817,3781.8
"1586",2019-08-12,11064,1239,2200,0.7273,3025
"1587",2019-08-19,11064,1239,4400,0.8311,5294.3
"1588",2019-08-26,11064,1239,4400,0.6813,6458.1
"1589",2019-09-02,11064,1239,3300,0.8465,3898.4
"1590",2019-09-09,11064,1239,3300,0.7989,4130.5
"1591",2019-09-16,11064,1239,1100,0.4975,2211
"1592",2019-09-23,11064,1239,4400,0.7772,5661.7
"1593",2019-10-01,11064,1239,5500,0.8846,6217.2
"1594",2019-10-07,11064,1239,6600,0.8947,7376.6
"1595",2019-10-14,11064,1239,1100,0.5219,2107.6
"1596",2019-10-21,11064,1239,3300,0.7255,4548.5
"1597",2019-10-28,11064,1239,1100,0.5435,2024
"1598",2019-11-01,11064,1239,1100,0.7524,1461.9
"1599",2019-11-04,11064,1239,3300,0.792,4166.8
"1600",2019-11-11,11064,1239,2200,0.6207,3544.2
"1601",2019-11-18,11064,1239,1100,0.5305,2073.5
"1602",2019-11-25,11064,1239,2200,0.6638,3314.3
"1603",2019-12-02,11064,1239,1100,0.5394,2039.4
"1604",2019-12-09,11064,1239,2200,0.8396,2620.2
"1605",2019-12-23,11064,1239,1100,0.7474,1471.8
"1606",2019-12-30,11064,1239,1100,0.6317,1741.3
